,0,1,2,3
0, R T M  ANGRA LOTERIA LTDA, 05.233.941/0001-99, 887, rtmangra@gmail.com
1, LOTERIA RAINHA DA SORTE LTDA, 17.856.425/0001-08, 887, loteriaangradosreis1@gmail.com
2, LOTERIA REI DA SORTE LTDA, 38.337.806/0001-42, 887, LOTERIAREIDASORTE1@GMAIL.COM
3, ATAIDE E VIEIRA LOTERIA LTDA, 30.262.895/0001-01, 4377, moradadasorte2018@gmail.com
4, PERCEGONI E SANTOS LOTERIA LTDA, 05.123.803/0001-57, 4377, nucleo.sorte@gmail.com
5, ROTA DA SORTE ANGRA LOTERIA LTDA, 05.107.926/0001-02, 887, rotadasorteangra@gmail.com
6, LOTERIA DE APERIBE LTDA, 05.326.189/0001-20, 1245, lotericaspa@gmail.com
7, KES SORTE PRAIA SECA LTDA, 18.867.075/0001-30, 888, kesfranco@gmail.com
8, IANNI LOTERIAS LTDA, 01.566.990/0001-92, 888, denisemi44@yahoo.com.br
9, LOTERIA POSITIVA, 19.659.177/0001-22, 888, denisemi44@yahoo.com.br
10, LOTERIA RODOVIARIA LTDA, 05.264.611/0001-60, 888, denisemi44@yahoo.com.br
11, SAO VICENTE LOTERIA LTDA, 17.105.810/0001-05, 888, denisemi44@yahoo.com.br
12, PEDRA BRUTA LOTERIA LTDA, 04.882.990/0001-90, 888, denisemi44@yahoo.com.br
13, KES SORTE PRAIA SECA LTDA, 18.867.075/0001-30, 888, kesfranco@gmail.com
14, IANNI LOTERIAS LTDA, 01.566.990/0001-92, 888, denisemi44@yahoo.com.br
15, LOTERIA POSITIVA, 19.659.177/0001-22, 888, denisemi44@yahoo.com.br
16, LOTERIA RODOVIARIA LTDA, 05.264.611/0001-60, 888, denisemi44@yahoo.com.br
17, SAO VICENTE LOTERIA LTDA, 17.105.810/0001-05, 888, denisemi44@yahoo.com.br
18, PEDRA BRUTA LOTERIA LTDA, 04.882.990/0001-90, 888, denisemi44@yahoo.com.br
19, SORTE DE AREAL LOTERICA LTDA., 04.172.945/0001-41, 195, sortedeareal@gmail.com
20, SORTE DE AREAL LOTERICA LTDA., 04.172.945/0001-41, 195, sortedeareal@gmail.com
21, BARRA DE OURO LOTERIA LTDA, 31.701.007/0001-64, 177, barradeouroloteria@gmail.com
22, CAMINHO DO OURO LOTERIA LTDA, 39.783.116/0001-80, 177, barradeouroloteria@gmail.com
23, OURO EM BARRA LOTERIAS LTDA, 05.342.477/0001-79, 177, vtaconfeccoes@gmail.com
24, LOTERIAS CALIFORNIA LTDA ME, 14.563.034/0001-07, 1504, loteriascalifornia@gmail.com
25, MINA DE OURO LOT BARRA PIRAI, 01.535.114/0001-07, 177, minadeouroloteriasbp@hotmail.com
26, LOTERIA DO LAZER LTDA, 10.725.207/0001-87, 176, lotlazer@hotmail.com
27, PONTO LOTERICO VIDA NOVA LTDA, 27.877.240/0001-25, 176, loteriamaraja@yahoo.com.br
28, IRMAOS LEIJOTO LOTERIAS LTDA ME, 14.512.995/0001-84, 176, loteriaaliancabm@outlook.com
29, LOTERIAS  MUNDIAL DE B. MANSA LTDA, 28.693.075/0001-14, 176, loteria.mundial@yahoo.com.br
30, LOTERIAS NOVE DE ABRIL LTDA ME, 14.563.091/0001-88, 176, loteriasnovedeabril@gmail.com
31, LOTERIA SANTA CLARA LTDA, 15.324.264/0001-78, 176, loteriasantaclara@outlook.com
32, LOTERIAS VISTA ALEGRE LTDA, 14.576.529/0001-62, 3147, loteriasvistalegre@gmail.com
33, LOTERICA ANO BOM LTDA ME, 27.885.623/0001-45, 176, bazilioanobom@gmail.com
34, LOTERIA COLONIA SANTO ANTONIO LTDA, 39.876.457/0001-08, 3147, brunocarvalhojr@hotmail.com
35, SORTE DA FELICIDADE LOTERIA LTDA ME, 10.638.843/0001-71, 176, marco_marcela@hotmail.com
36, R R LOTERIA EIRELI, 27.697.275/0001-82, 3147, ala.jones@hotmail.com
37, LOTERIA DO LAZER LTDA, 10.725.207/0001-87, 176, lotlazer@hotmail.com
38, PONTO LOTERICO VIDA NOVA LTDA, 27.877.240/0001-25, 176, loteriamaraja@yahoo.com.br
39, IRMAOS LEIJOTO LOTERIAS LTDA ME, 14.512.995/0001-84, 176, loteriaaliancabm@outlook.com
40, LOTERIAS  MUNDIAL DE B. MANSA LTDA, 28.693.075/0001-14, 176, loteria.mundial@yahoo.com.br
41, LOTERIAS NOVE DE ABRIL LTDA ME, 14.563.091/0001-88, 176, loteriasnovedeabril@gmail.com
42, LOTERIA SANTA CLARA LTDA, 15.324.264/0001-78, 176, loteriasantaclara@outlook.com
43, LOTERIAS VISTA ALEGRE LTDA, 14.576.529/0001-62, 3147, loteriasvistalegre@gmail.com
44, LOTERICA ANO BOM LTDA ME, 27.885.623/0001-45, 176, bazilioanobom@gmail.com
45, LOTERIA COLONIA SANTO ANTONIO LTDA, 39.876.457/0001-08, 3147, brunocarvalhojr@hotmail.com
46, SORTE DA FELICIDADE LOTERIA LTDA ME, 10.638.843/0001-71, 176, marco_marcela@hotmail.com
47, R R LOTERIA EIRELI, 27.697.275/0001-82, 3147, ala.jones@hotmail.com
48, CASA LOTERICA OPALA LTDA, 06.934.599/0001-17, 4095, loteriaopala@gmail.com
49, Farrula Loterias Ltda Me, 30.698.831/0001-40, 4095, galante.carlos@hotmail.com
50, LOTERIA APARECIDA DA SORTE LTDA, 19.807.730/0001-27, 4095, aparecidadasorte@zkxloterias.com.br
51, LOTERIA DELTHENE LTDA, 30.851.646/0001-43, 4095, delthene@zkxloterias.com.br
52, LOTERIA DUQUE DA SORTE LTDA, 39.808.945/0001-70, 4095, loteriaduquedasorte1@gmail.com
53, LOTERIA HELIOPOLIS LTDA, 19.799.491/0001-00, 3390, negocialheliopolis@zkxloterias.com.br
54, LOTERIA LOTE XV LTDA, 14.418.432/0001-21, 4655, lotexv@zkxloterias.com.br
55, LOTERIA LOTOBEL LTDA, 14.418.398/0001-95, 3390, lotobel@zkxloterias.com.br
56, LOTERIA SAO BERNARDO LTDA, 19.807.709/0001-21, 4655, saobernardo@zkxloterias.com.br
57, LOTERIAS SAO VICENTE LTDA, 19.807.690/0001-13, 3390, saovicente@zkxloterias.com.br
58, RIO SORTE LOTERIA LTDA, 28.301.091/0001-14, 3390, lot.riosorte.b.roxo@gmail.com
59, LOTERICA ESTRELA DA SORTE LTDA, 03.911.182/0001-40, 178, albertoresende@ig.com.br
60, LOTERICA VALE ITABAPOANA LTDA, 05.195.100/0001-34, 178, lotericabj@hotmail.com
61, CABOFRIENSE LOTERIAS LTDA, 28.888.584/0001-00, 179, alexandremotalopes@yahoo.com.br
62, SALGADO SILVA LOTERIA LTDA, 04.883.423/0001-58, 179, antonioguarconi@oi.com.br
63, FAMILIA KES SORTE LOTERIAS LTDA ME, 14.804.026/0001-05, 179, sidkel@oi.com.br
64, LOTERIA SETE DE OUROS LTDA, 39.844.477/0001-99, 179, schmidt7ouros@gmail.com
65, LOTERIA CABO FRIO LTDA, 19.901.870/0001-60, 4437, cabofrio@zkxloterias.com.br
66, LOPES & LUNA LOTERIAS LTDA, 05.257.319/0001-10, 179, alexandremotalopes@yahoo.com.br
67, L A D SCHMIDT E FILHOS LTDA, 02.520.324/0001-86, 179, lot7ouro@ig.com.br
68, LOTERIA UNA SORTE LTDA, 19.820.819/0001-23, 4437, unasorte1@gmail.com
69, CASA LOTERICA MIX DE CABO FRIO LTDA, 11.074.442/0001-07, 1243, thamirysdemunerdossantos@yahoo.com.br
70, LUSOTECA LOTERIAS LTDA, 05.371.900/0001-69, 179, lusotecaloterias@oi.com.br
71, ALCOR LOTERIAS LTDA, 27.759.554/0001-23, 4437, alcorloterias@yahoo.com.br
72, CASA LOTERICA VILA RAIA LTDA, 04.689.715/0001-54, 2061, sodretamires2@gmail.com
73, LOTERIA CACHOEIRA DE PREMIOS LTDA, 16.967.491/0001-84, 2061, randradeporto@yahoo.com.br
74, MEGGIOLARO LOTERIAS LTDA, 05.484.518/0001-61, 2061, michel@estrelaservicos.com.br
75, LOTERICA DA PRACA LTDA, 39.433.204/0001-51, 2061, loterica.cachoeiras@gmail.com
76, LOTERIA CAMBUCI JE LTDA ME, 04.811.957/0001-79, 1245, neiacantagaloneia@hotmail.com
77, R M T LOTERIAS LTDA, 01.709.516/0001-72, 2524, ntrodrigo12@yahoo.com.br
78, LUME LOTERIAS LTDA, 05.411.069/0001-21, 1927, loteriaavenida@outlook.com
79, BRIELTAMI LOTERIA LTDA, 10.636.230/0001-03, 180, gabrielchagas2003@yahoo.com.br
80, LOTERIA BEIRA RIO LTDA, 04.255.773/0001-70, 4120, loteriabrio@hotmail.com
81, CHAMEM SORTE GRANDE LOTERIA LTDA, 05.197.383/0001-53, 2524, francrony@gmail.com
82, MADUKA LOTERIA LTDA, 03.236.801/0001-49, 3239, maduka_afp@hotmail.com
83, LOTERIA HORTO DE CAMPOS EIRELI - ME, 03.579.899/0001-37, 1927, jggiro@terra.com.br
84, C R R GOMES LOTERICAS EIRELI, 08.609.143/0001-07, 4337, carlosmegasorte@yahoo.com.br
85, R C T RANGEL EIRELI, 03.417.413/0001-64, 3239, loterias-barao@hotmail.com
86, LOTERICA CENTRAL DE CAMPOS LTDA, 04.641.231/0001-35, 180, lotericacentrall@gmail.com
87, S M F BARBOSA CERQUEIRA EIRELI ME, 10.652.944/0001-05, 4120, lotericatravessao@gmail.com
88, MANOLO LOTERIAS LTDA, 07.187.531/0001-84, 180, manololoteria@gmail.com
89, P J LOTERIAS LTDA, 10.491.723/0001-94, 180, casadafortunaloterias@gmail.com
90, R J NASCIMENTO LOTERIAS LTDA, 07.323.453/0001-06, 4120, lotcampista@gmail.com
91, FABILOTE CASA LOTERICA, 05.235.483/0001-27, 180, costatatianal@icloud.com
92, CAMPOS LOTO LTDA ME, 28.210.508/0001-33, 2524, camposloto@bol.com.br
93, CASA LOTERICA LUMABE LTDA, 10.696.682/0001-72, 3239, lotericalumabe@yahoo.com.br
94, LOTERICA GUARUS PLAZA EIRELI, 41.050.427/0001-81, 4337, josseandyson@gmail.com
95, EXEMPLO LOTERIAS LTDA, 11.067.538/0001-30, 4120, loteriaexemplo@gmail.com
96, MAXIMUS LOTERIA LTDA, 11.095.330/0001-24, 180, maximusloteria@hotmail.com
97, SORTE DO JOQUEI CASA LOTERICA LTDA - ME, 12.411.711/0001-38, 2524, loteriasortedojockey@hotmail.com
98, SORTE DO TURF LOTERIAS LTDA, 25.400.310/0001-24, 1927, loteriasortedojockey@hotmail.com
99, LOTERIA PAES E SILVA LTDA, 10.779.048/0001-01, 4337, vivianevpaes@terra.com.br
100, PAROLA LOTERIA LTDA, 01.741.646/0001-92, 970, loteriacantagalo@outlook.com
101, CALDEIRAO DA SORTE LTDA., 03.867.737/0001-02, 4660, alvarengaroberto60@hotmail.com
102, GENIO DAS LOTERIAS LTDA, 04.246.496/0001-39, 4642, eugeniodoquiosque@gmail.com
103, CASA LOTÉRICA CARMENSE LTDA. ME, 04.096.292/0001-69, 2072, jefersonagrelli@hotmail.com
104, LOTERICA BARRA  SAO JOAO LTDA ME, 04.647.664/0001-06, 1243, barradesaojoaolote@yahoo.com.br
105, MEGASORTE LOTERIA LTDA, 04.982.812/0001-30, 4870, megasortecabreu@gmail.com
106, LEVY DA SORTE LOTERIAS LTDA, 04.228.498/0001-03, 195, levy.dasorte@yahoo.com.br
107, J F MATOSO CASA LOTERICA LTDA ME, 05.695.147/0001-67, 184, felipechaucamatoso@hotmail.com
108, ENCONTRO DA SORTE LOTERIAS LTDA, 36.113.058/0001-99, 3174, ritasalgado25@hotmail.com
109, CASALOTERICA IRMAOS PIRES DE OLIVEIRA LT, 04.777.953/0001-11, 2060, attalloterias@hotmail.com
110, PIARAHA LOTERIAS LTDA, 05.527.068/0001-47, 2538, sorteimperial2024@gmail.com
111, LOTERIA E BAZAR SUPER SORTE LTDA, 07.002.697/0001-89, 2538, loteriasupersorte625@gmail.com
112, ATE QUE ENFIM LOTERIAS LTDA, 07.377.760/0001-61, 2538, atequeenfimlot@gmail.com
113, TENTACAO LOT. PAVUNA, 01.514.766/0001-57, 4118, andre.a.vilela@hotmail.com
114, LOTERICA MEGA SORTEIO LTDA, 06.298.535/0001-77, 1334, mauriciosupersorte@yahoo.com.br
115, LOTERIAS JR DE CAXIAS LTDA, 05.087.365/0001-19, 181, jornetdc@gmail.com
116, LAUREANO DA SORTE LOTERIAS LTDA, 12.389.451/0001-41, 4162, laureanodasorte2011@gmail.com
117, LOTERIA E BAZAR 407 LTDA, 04.911.469/0001-33, 4162, leo.bravo@uol.com.br
118, LOTERIA SORTE SUA PRIMAVERA LTDA, 04.672.925/0001-30, 1334, lotericansc@gmail.com
119, LOTERIAS BRIGADEIRO LTDA, 07.197.484/0001-50, 1334, loteriasbrigadeiro@hotmail.com
120, LOTERIA CONFIANCA LTDA, 03.998.250/0001-50, 2538, loteriasconfianca@hotmail.com
121, LUZIA C P FUMAUX LOTERIAS, 04.841.309/0001-65, 4118, lucrisfumaux@gmail.com
122, LOTERIA MEGA SORTE LTDA ME, 11.035.662/0001-13, 4162, mauriciomegasorte@yahoo.com.br
123, POLIDO & POLIDO LOTERIA LTDA, 07.647.397/0001-57, 181, 
124, STAR BLUE LOTERIAS LTDA, 05.391.355/0001-72, 4162, starblue@zkxloterias.com.br
125, BAZAR E LOTERIA  ESPORTIVA DINGO LTDA, 27.863.471/0001-80, 4118, loteriasdingo2019@gmail.com
126, CASA LOTERICA BOA SORTE CAXIAS LTDA, 14.245.871/0001-80, 4881, loteriaboasorte@ig.com.br
127, CASTELAO LOTERIA ESPORTIVA LTDA, 28.374.486/0001-47, 4881, castelaoloteria@gmail.com
128, DUQUE DA SORTE CASA LOTERICA LTDA, 19.578.037/0001-20, 4118, lotericaduquedasorte@gmail.com
129, DUQUESA LOTERIAS LTDA, 31.038.136/0001-14, 181, duquesaloteria@yahoo.com.br
130, LOTERIA DUQUE DE CAXIAS LTDA, 52.418.920/0001-28, 4881, eurodrigopmarques@gmail.com
131, LOTERIA PANNO LTDA, 12.450.076/0001-06, 1334, loteriapanno@gmail.com
132, LOTERIA SAO LUIZ LTDA, 27.902.469/0001-72, 181, luizers@outlook.com
133, LOTERIA SONHO MEU LTDA, 28.195.121/0001-55, 2538, sonhomeuloteria@gmail.com
134, JENIFFER AP SILVA LOTERIAS EIRELI, 29.889.198/0001-98, 4881, MVLOTERIAS@OUTLOOK.COM
135, MARLENE LOTERIAS LTDA, 28.845.238/0001-37, 181, marlenelot@hotmail.com
136, TREVO DE CAXIAS LOTERIAS LTDA, 29.396.595/0001-28, 181, loteria.trevodecaxias@gmail.com
137, ZUVANOV LOTERIA LTDA, 31.257.074/0001-31, 181, zuvanovloteria@yahoo.com.br
138, CASA LOTERICA SERRA AZUL LTDA, 05.467.224/0001-21, 4763, loteriaserraazul@gmail.com
139, H G M D  LOTERIAS LTDA, 02.973.258/0001-08, 4854, fenixloteria@gmail.com
140, LOTERIA MODELO LTDA, 14.800.822/0001-61, 4854, loteria-modelo@hotmail.com
141, LOTERIA DE IGUABA LTDA, 05.288.668/0001-08, 888, kesfranco@gmail.com
142, KES SORTE DE IGUABA LTDA, 07.389.872/0001-32, 1243, kesfranco@gmail.com
143, MAE E FILHO LOTERIAS LTDA, 04.929.134/0001-42, 811, loteriamaeefilho43@gmail.com
144, REAL MADRI LOTERIAS LTDA, 17.214.815/0001-76, 811, realmadriloterias@gmail.com
145, SAS LOTERIAS, 27.212.125/0001-31, 811, sasloterias@hotmail.com
146, SHOPPING DA SORTE LOTERIAS LTDA, 04.897.747/0001-45, 4376, sdasorteloterias@yahoo.com.br
147, FLAVAN DE ITAGUAI LOTERIA ESPORTIVA LTDA, 07.133.080/0001-00, 909, regina@lotocenter.com.br
148, J A DE ITAGUAI LOTERIAS LTDA, 07.133.113/0001-04, 909, REGINA@LOTOCENTER.COM.BR
149, CASA LOTERICA  ITAGUAI LTDA, 04.665.862/0001-94, 909, casalotericaitaguai@gmail.com
150, R H J SILVA  & CIA LTDA, 05.053.744/0001-98, 4642, roneyhygino@hotmail.com
151, LOTERICA ITAOCARA  LTDA ME, 05.326.174/0001-62, 1245, richardsontatiana@hotmail.com
152, LOTERICA ITAPERUNA LTDA ME, 19.653.818/0001-31, 182, lotericaitaperuna@hotmail.com
153, LOTERICA VINHOSA LTDA, 11.098.474/0001-34, 182, lotericavinhosa@hotmail.com
154, MANIVELA DA SORTE LOTERIAS LTDA, 01.503.943/0001-08, 182, maniveladasorteloterias@hotmail.com
155, LOTERICA PRIMEIRO DE MAIO LTDA, 04.659.196/0001-81, 182, negocial.portaldasorte@yahoo.com.br
156, CASA LOT.DIONAT LTDA, 02.642.953/0001-89, 2810, loteriadionat@bol.com.br
157, LOTERICA PENEDO LTDA, 39.842.458/0001-23, 2810, lotericapenedo1@gmail.com
158, LOTERICA TREVO 4 FOLHAS ITATIAIA LTDA, 14.938.024/0001-09, 2810, lotericatrevo4folhas@outlook.com
159, CLIPART LOTERIAS LTDA, 04.212.052/0001-82, 2131, loteriamegacred@outlook.com
160, LOTERIA LAJENSE LTDA, 05.343.358/0001-30, 182, lotericavinhosa@hotmail.com
161, LOTERIA IMPERATRIZ LTDA, 29.689.809/0001-54, 184, marcioschueler1949@gmail.com
162, LOTERIA AROEIRA LTDA, 36.188.068/0001-93, 184, loteriaaroeira@gmail.com
163, LOTERIA BOA SORTE DE MACAE LTDA, 10.362.917/0001-90, 4659, MARCUSLADERAADM@GMAIL.COM
164, LOTERIA CAVALEIROS LTDA, 11.131.886/0001-29, 3391, marcioschueler1949@gmail.com
165, MAGIA DA SORTE LOTERIAS LTDA, 04.532.774/0001-14, 184, cassiotakaodepaula@gmail.com
166, NOVA LOTERIA DO AEROPORTO LTDA - ME, 11.134.190/0001-56, 3391, MARCUSLADEIRAADM@GMAIL.COM
167, LOTERIA GOTA DE OURO LTDA, 05.397.796/0001-81, 4659, CASSIOTAKAODEPAULA@MSN.COM
168, LOTERIA KGW MIRAMAR LTDA ME, 10.578.191/0001-27, 184, LOTERIA.MIRAMAR@OUTLOOK.COM
169, LAGOMAR LOTERIA LTDA ME, 11.094.488/0001-80, 184, loterialimaesouza@yahoo.com.br
170, LOTO LIDER CASA LOTERICA LTDA, 02.753.590/0001-59, 184, l.soaresloteria@outlook.com
171, REIS & TEIXEIRA LOTERIA LTDA ME, 28.186.906/0001-61, 970, loteriamacuco@yahoo.com.br
172, D REBELLO & FILHOS LTDA, 68.703.313/0001-40, 183, joaocunha64@hotmail.com
173, P P FARIA TEIXEIRA LOTERIA LTDA, 05.351.854/0001-36, 183, pedrinholoteria@gmail.com
174, LOTERIA ESP MOURA DE PIABETA L, 03.232.924/0001-01, 183, loteriamourapiabeta@gmail.com
175, LOTERIA GUARANI DE PIABETA LTDA, 16.846.729/0001-13, 183, loteriamourapiabeta@gmail.com
176, CASA LOTERICA SANTA RITA DE PIABETA LTDA, 28.770.378/0001-93, 183, loteriamourapiabeta@gmail.com
177, LOTERIA SURUI LTDA, 17.096.574/0001-08, 183, loteria.surui@gmail.com
178, LOTERICA DIAMANTE LTDA - ME, 14.785.697/0001-68, 183, loteriaflordelotus@gmail.com
179, GUIA DE PACOBAIBA LOTERIA LTDA, 04.795.454/0001-57, 183, loteria.guia@gmail.com
180, LOTERICA MARE DA SORTE DE MANGARATIBA LT, 32.671.203/0001-04, 887, mbmariobrasil@hotmail.com
181, CASA LOTERICA ACIRAM LTDA, 32.247.264/0001-30, 1244, marcelot0168@gmail.com
182, LOTERIA SAO JOSE LTDA, 40.499.186/0001-90, 4724, loteriasaojosedoimbassai@gmail.com
183, CASA LOTERICA MARICA LTDA, 14.835.022/0001-86, 4724, loterica.marica@gmail.com
184, J M A F LOTERIAS LTDA, 17.325.467/0001-04, 1244, zecalot2501@hotmail.com
185, CENTRAL LOTERICA MARICA LTDA, 03.995.052/0001-33, 4724, mariajulinhasorte@hotmail.com
186, PONTO MAGICO LOTERIA, 28.227.155/0001-84, 1244, marcelot0168@gmail.com
187, S DA GAMA E L DA SILVA LOTERIAS LTDA, 10.645.908/0001-06, 1244, lotericasortegrande.itaipuacu@gmail.com
188, DUQUE LOTERIAS S/C LTDA, 04.412.519/0001-38, 2068, duqueloterias@hotmail.com
189, LOTERICA BANCO DE AREIA LTDA, 19.885.682/0001-95, 3406, bancodeareia@zkxloterias.com.br
190, J V LOTERIAS E REPRESENTACOES, 30.583.892/0001-61, 3406, loteriasjv@gmail.com
191, LOTERIA PRESIDENTE JUSCELINO LTDA, 19.972.542/0001-54, 3406, presidentejuscelino@zkxloterias.com.br
192, JANE E FELIX LOTERIA DA SORTE LTDA, 05.103.420/0001-17, 3406, janeefelixloteriadasorte@hotmail.com
193, PEGA A SORTE LOTERIAS LTDA, 19.410.070/0001-46, 3406, luciano.m.castro@gmail.com
194, BAR E LOTERIA ESPORTIVA ENELY LTDA, 27.630.334/0001-03, 992, enelyfilhosleal@gmail.com
195, LOTERIAS MULTIPLIQUE LTDA, 28.378.354/0001-93, 992, multiplique@yahoo.com
196, LOTERIA BARROS SANTANA LTDA, 36.618.169/0001-57, 1335, lotericamiracema@gmail.com
197, NAT LOTERIAS E SERVICOS LTDA ME, 04.725.165/0001-81, 1246, nat.loterias.rj@gmail.com
198, NAT LOTERIAS E SERVICOS LTDA ME, 04.725.165/0001-81, 1246, nat.loterias.rj@gmail.com
199, A F 1000 LOT ESP LTD, 01.512.686/0001-62, 187, felixtuninho@gmail.com
200, BEIJA FLOR DA SORTELTDA ME, 28.796.100/0001-95, 187, lotericabeijaflor@gmail.com
201, LOTERIA MENA BARRETO LTDA, 03.010.072/0001-08, 4145, mena.barreto@yahoo.com
202, LUZENTE 2000  LOT. E VIDEO, 03.064.030/0001-50, 187, mario.rodrigues@oi.com.br
203, LUMAR CASA LOTERICA LTDA, 19.451.549/0001-20, 4145, minadasorte2@gmail.com
204, LOT PONTE DE NILOPOL, 39.453.808/0001-60, 187, paulinhafflores@hotmail.com
205, SEBASTIAO D'CARLOS LOPES LOTERIAS LTDA, 28.082.642/0001-04, 187, loterica_sebastiao@yahoo.com.br
206, NOVO JOMAR LOTERIA LTDA, 04.693.689/0001-38, 4145, tunel_dasorte@yahoo.com.br
207, WANDERLEY   G   CARDOSO LOTERIAS LTDA, 07.561.534/0001-36, 4145, tatianemca6@gmail.com
208, ESPERANCA LOTERIA DE FRIBURGO LTDA, 03.450.712/0001-09, 4119, alexandre.p.moura@hotmail.com
209, LOT ESP BOA SORTE DE NOVA FRIBURGO LTDA, 28.122.273/0001-28, 1623, boasorteloterianf@gmail.com
210, LOTERIA ESPORTIVA CAMPESINA LTDA, 30.345.847/0001-79, 186, loteriacampesina@gmail.com
211, SAMYV S LOTERIA LTDA ME, 03.453.773/0001-11, 4119, LOTERIAOUROPRETO@HOTMAIL.COM
212, DARIOLOTO CASAS LOTERICAS LTDA, 39.808.012/0001-82, 4119, loteriapedradasortenf@gmail.com
213, C.R FRIBURGO COM. E REPRES. LTDA, 04.773.269/0001-61, 4119, CRPOTEDEOURO@OUTLOOK.COM
214, MEGA GCM LOTERIA LTDA, 04.838.131/0001-01, 1623, megasorteloteria@outlook.com
215, PE QUENTE DE FRIBURGO LOTERIAS LTDA ME, 11.015.239/0001-51, 186, pequentedefriburgoloterias@gmail.com
216, PONTE DA FORTUNA LOTERIA LTDA, 03.943.051/0001-45, 186, fariaraujo08@gmail.com
217, JPRX LOTERIAS LTDA, 10.567.789/0001-10, 186, lotericapontedeouro@hotmail.com
218, ROLA SORTE DE NOVA FRIBURGO, 02.346.605/0001-64, 186, rolasorteloteria@gmail.com
219, ARCA DA SORTE DE FRIBURGO LOTERIA LTDA, 03.919.692/0001-64, 186, fariaraujo08@gmail.com
220, SHOW DE PREMIOS LOTERIAS LTDA, 03.142.329/0001-85, 1623, loteriashowdepremios@gmail.com
221, ANJO DA SORTE DE IGUACU LOT ESP LTDA, 01.817.913/0001-68, 1619, ANJODASORTELOTERIA@OUTLOOK.COM
222, AUSTIN SORTE LOTERIA LTDA ME, 05.338.399/0001-39, 3238, mario.rodrigues.mdsr@gmail.com
223, CASA LOTERICA MARTUCHE LTDA, 01.409.954/0001-15, 3238, loteriamatrix@gmail.com
224," DAMA DA SORTE LOTERIA, PAP E INFOR LTDA", 07.514.329/0001-10, 185, consuelo.alfonso@yahoo.com.br
225, FAROL DA SORTE LOTERIAS LTDA, 12.508.379/0001-24, 1620, faroldasorte@hotmail.com
226, CASA LOTERICA FAMILIA LEITE LTDA, 19.376.584/0001-22, 4755, leitedasorte@gmail.com
227, CASA LOTERICA MIX DE NOVA IGUACU LTDA, 11.074.619/0001-67, 3358, LOTERIASMIX@RAMARKM32.COM.BR
228, MARCO DOIS CASA LOTERICA LTDA, 03.014.583/0001-06, 1620, marco2loteria@hotmail.com
229, MEGA SORTE CASA LOTERICA, 02.732.307/0001-02, 1620, megasorte2009@hotmail.com
230, MIGLOT LOTERIAS LTDA ME, 10.693.084/0001-40, 3238, miglot@runester.com.br
231, NOVA SORTE IGUACU LOTERIA LTDA, 19.256.522/0001-87, 185, loterianovasorteiguacu@hotmail.com
232, VITORIA LOTERIAS LTDA, 07.068.781/0001-03, 1620, novavitorialoteria@gmail.com
233, RANCHO DA SORTE LOTERIAS LTDA ME, 04.511.795/0001-53, 185, mprloterias@hotmail.com
234, SORTE DUPLA LOTERIA LTDA, 02.863.184/0001-49, 185, sorteduplaloteria@yahoo.com.br
235, LOT. STA RITA SUA SORTE 2000, 03.493.031/0001-10, 185, suasorte2000@hotmail.com
236, ANALU LOTERIAS LTDA, 36.534.998/0001-51, 3597, analuloterias@hotmail.com
237, CASA VIANENSE LTDA, 30.776.777/0001-03, 1619, ccavianense@gmail.com
238, CLIMAU LOTERIAS LTDA, 32.371.213/0001-16, 185, climauloterias@gmail.com
239, COMENDADOR DA SORTE LOTERIA, 30.288.823/0001-25, 4755, mario.rodrigues.mdsr@gmail.com
240, LOT ESP CONTE LTDA, 28.734.762/0001-30, 185, loterias_conte@hotmail.com
241, LOTERIA ESP TREZE LT, 30.834.840/0001-10, 1619, soniareginasalvato@yahoo.com.br
242, LOTERIA PEDREIRA LTDA, 20.100.055/0001-80, 1619, pedreira@zkxloterias.com.br
243, BASTOS LOTERICA LTDA, 39.995.199/0001-70, 3597, loteriasfly@gmail.com
244, M M LOT ESPORTIVA LT, 28.195.030/0001-10, 1619, mm.loterias@gmail.com
245, MUG LOTERIAS LTDA, 30.616.932/0001-24, 1619, mugloterias@gmail.com
246, NALA AIRAN LTDA ME, 74.041.294/0001-36, 1620, nalaairam@yahoo.com
247, PIRLIMPIMPIM LOTERIA ESPORTIVA LTDA, 27.864.388/0001-25, 4755, galante.carlos@hotmail.com
248, SAO LUCAS LOTERIAS LTDA, 19.515.087/0001-68, 3597, mariateresa.castro@hotmail.com
249, CASSIO J A DOS SANTO, 27.939.941/0001-41, 1336, cassiusloteria@gmail.com
250, LOTERIA FIQUE RICO, 31.205.081/0001-90, 1336, sergiodemourarj@yahoo.com.br
251, SORTE SUA LOTERIA LTDA, 04.838.945/0001-38, 1336, sortesualot747@gmail.com
252, CASSIO J A DOS SANTO, 27.939.941/0001-41, 1336, cassiusloteria@gmail.com
253, LOTERIA FIQUE RICO, 31.205.081/0001-90, 1336, sergiodemourarj@yahoo.com.br
254, SORTE SUA LOTERIA LTDA, 04.838.945/0001-38, 1336, sortesualot747@gmail.com
255, LOTERIA ESPORTIVA PARAIBA DO S, 31.082.282/0001-47, 925, loteriasimpatia.pdosul@gmail.com
256, NOVA CASA LOTERICA LTDA ME, 20.276.433/0001-81, 925, novaloteria.ps@hotmail.com
257, CASA LOTERICA DOIS IRMAOS DE PATY LTDA, 05.043.899/0001-43, 4871, lotericapaty@bol.com.br
258, CASA LOTERICA IMPERADOR LTDA, 19.468.757/0001-32, 188, casalotericaimperador@gmail.com
259, FJC LOTCOM LOTERIAS LTDA, 03.893.764/0001-41, 188, imperadorloterias@hotmail.com
260, IMPERIAL LOTERIAS LTDA ME, 15.084.815/0001-73, 1651, imperialloteria@gmail.com
261, IMPERIO DA SORTE LOTERIAS LTDA ME, 15.137.956/0001-07, 1651, loteria.imperiodasorte@gmail.com
262, LOT.E PAP.PLAZA CORREAS LTDA, 02.707.234/0001-07, 4146, loteriaepapelariaplazacorreas@gmail.com
263, LOTERIA AVIZ LTDA, 31.129.729/0001-96, 1651, ricardo.sigma@gmail.com
264, LOTERIA FONTE DA SORTE 100 LTDA, 04.744.639/0001-32, 1651, loteriaestacao01serrana@gmail.com
265, LOTERIA PETROSORTE LTDA, 04.698.829/0001-60, 1651, loteriapetrosorte@hotmail.com
266, LOTERIA TIC E TAC LTDA, 28.072.981/0001-00, 4146, loteria24tictac@gmail.com
267, LOTERIAS ESTACAO SERRANA LTDA, 04.498.022/0001-84, 1651, loteriaestacaoserrana@gmail.com
268, LOTERICA POSSE PREMIADA LTDA, 46.149.048/0001-67, 4146, loteriapossepremiada@gmail.com
269, LOTO SORTE ITAMARATI LTDA, 03.334.413/0001-09, 188, ffmayworm@gmail.com
270, LOTOPAR LOT E PAPEL LTDA, 32.247.397/0001-07, 188, mt_azevedo@hotmail.com
271, MEGA SERRA LOTERIAS LTDA, 29.005.451/0001-01, 188, megaserraloterias@gmail.com
272, TALISMA CASA LOT ME, 35.834.480/0001-70, 188, orlei-esteves@hotmail.com
273, HMN LOTERIAS N. SRA. APARECIDA LTDA, 73.559.288/0001-02, 4146, hmnloterias@hotmail.com
274, LOTERIA PINHEIRAL LTDA, 05.313.221/0001-33, 2171, loteriapinheiral12@gmail.com
275, LOTERIA ARROZAL, 37.099.353/0001-09, 2077, maitepereiralima@hotmail.com
276, LOTERIA PONTO DA SORTE DE PIRAI LTDA, 05.266.593/0001-56, 2077, loteriapontodasortedepirai@hotmail.com
277, LOTERIA GOOD LUCK LTDA, 05.131.328/0001-60, 656, fcvolpato@gmail.com
278, CASA LOTERICA SORTE REAL LTDA, 05.415.780/0001-54, 2207, sortereal653@gmail.com
279, CASA LOTERICA QUATIS LTDA, 07.140.400/0001-41, 4977, sgilnunes@gmail.com
280, CASA LOTERICA PARATODOS LTDA, 19.509.919/0001-33, 4097, jose.barbosa.gomes@light.com.br
281, DDA LOT ESP LTDA, 31.141.476/0001-76, 4097, ddaloteria@hotmail.com
282, LOTERIA SORTE DE QUEIMADOS LTDA, 20.100.064/0001-71, 4097, sortedequeimados@zkxloterias.com.br
283, LOTERICA LETICIA LTDA, 12.389.418/0001-11, 4097, lotericaleticia@yahoo.com.br
284, CASA LOT.DE QUISSAMAN LTDA, 39.709.605/0001-91, 4660, loteriaquissama@yahoo.com.br
285, ALEGRIA DA SORTE LTDA, 04.869.790/0001-05, 3551, vsbrolese@hotmail.com
286, BAZAR LOT DIV CHAVE DA SORTE L, 29.285.350/0001-23, 189, luizcleberbm@uol.com.br
287, CASA LOTERICA NOVELLI LTDA, 30.439.111/0001-60, 189, enzo9lli@yahoo.com.br
288, LBB PRESTACAO DE SERVICOS EIRELI - ME, 25.301.129/0001-60, 189, loteriacamposeliseos@hotmail.com
289, LOTERIA MANEJO RESENDE LTDA, 06.866.641/0001-00, 3551, loteria.manejo@hotmail.com
290, LOTERIA UNIAO DA SORTE LTDA, 04.745.553/0001-24, 189, sgilnunes@gmail.com
291, CN3 LOTERIAS LTDA, 14.772.931/0001-12, 189, nilsonmassaomori10@gmail.com
292, LOTERICA TREVO 4 FOLHAS LTDA, 14.913.499/0001-32, 189, jjeslima@hotmail.com
293, CALIL'S LOTERIAS LTDA, 05.271.774/0001-70, 769, laertcalil@yahoo.com.br
294, LOTERB LOTERIA RIO BONITO LTDA, 30.087.845/0001-27, 769, loterialoterb@hotmail.com
295, CASA LOTERICA MARCILIO CARVALHO LTDA, 11.110.195/0001-49, 3147, loteriaconceicao@gmail.com
296, MARGARIDA DA SORTE LTDA, 40.300.874/0001-89, 3147, jvpanaino@hotmail.com
297, LOTERIAS NOVO MILENIO LTDA., 04.384.273/0001-38, 945, loteriasnovomilenio@gmail.com
298, CARDOSO E CANELLA CASA LOTERICA LTDA, 04.563.827/0001-64, 2738, NEZIO.IMOVEIS@HOTMAIL.COM
299, OSTHA LOTERICA PRODCULT E ARTISTICA LTDA, 10.593.195/0001-84, 2738, loteriaostha@gmail.com
300, LOTERICA SANSÃO DE RIO DAS OSTRAS LTDA M, 04.137.458/0001-48, 2738, loteriamarileia@gmail.com
301, CHAMOUN LOTERICA E PRESTACAO DE SERVICOS, 19.832.010/0001-11, 2738, QUINTAOCAIXAAQUI@GMAIL.COM
302, LOTO VINTE E DOIS LTDA, 04.694.799/0001-14, 4403, loterostras@hotmail.com
303, AFL LOTERIAS LTDA, 41.311.084/0001-61, 4403, afl.maredasorte@gmail.com
304, MARTINS PINHEIRO DE RIO DAS OSTRAS LOTER, 31.359.433/0001-61, 2738, loteriashowdebola@gmail.com
305, 73 LOCADORA E LOTERIA LTDA ME, 00.106.613/0001-08, 995, 73loteria@gmail.com
306, ENGENHO DE DENTRO LOTERIAS LTDA, 00.342.126/0001-44, 225, carlosbchavesn@gmail.com
307, FREE JACK LOTS LTDA, 00.104.829/0001-34, 573, r.viannasilva@hotmail.com
308, FREGUESIA LOTERIAS LTDA, 00.904.849/0001-90, 4063, freguesialoterias@hotmail.com
309, CONCRAB LOTS LTDA, 00.132.658/0001-57, 573, afra_medeiros@hotmail.com
310, GUANABARA DA SORTE LOTERIAS LTDA ME, 00.553.562/0001-62, 3187, loteriarofegil@gmail.com
311, LOT MOEDA DE OURO, 01.280.716/0001-52, 3105, cecilia_marcia@hotmail.com
312, ARM VIDEO LOTERIA LTDA, 00.485.148/0001-63, 3590, loteriadagaleriabonsucesso@gmail.com
313, R&C  LOTERICA SANTO ANTONIO LTDA, 00.174.344/0001-17, 990, loteriadoceasa@hotmail.com
314, LOTERIA DO CENTRO COMERCIAL LTDA, 00.724.269/0001-10, 229, afmb@uol.com.br
315, LOTERIA VENCEDORA LTDA, 00.793.611/0001-34, 212, LOTERIAVENCEDORA07@GMAIL.COM
316, MIQUITA ILHA BAZAR LTDA, 00.420.541/0001-79, 216, loteriamiquita@gmail.com
317, PLANETA SONHOS LOTERIAS LTDA, 00.515.011/0001-04, 1094, planetasonhos.pavuna@gmail.com
318, PONTO 01 LOTERIA LTDA, 00.726.611/0001-11, 3637, loteriaponto1@gmail.com
319, LOTERIA VILA TURFE LTDA, 00.854.389/0001-32, 233, clauribp@uol.com.br
320, ARRISQUE & PETISQUE LOTERIAS E SERV LTDA, 01.875.255/0001-60, 3093, lotarrisqueepetisque@gmail.com
321, ABREU LOTERIA E PAPELARIA LTDA ME, 01.498.817/0001-02, 204, rosabreurj@gmail.com
322, CANTINHO DO JACARE LOTERIAS LTDA - ME, 01.371.259/0001-01, 1027, cantinhodojacare@hotmail.com
323, LOT SAO BRAZ DE CAMPO GRANDE L, 02.043.326/0001-21, 208, serginhog22@gmail.com
324, LOTERIA CARIOCA DA SORTE LTDA, 01.642.015/0001-16, 3225, loteriacariocadasorte@gmail.com
325, LOTERIA E GRAFICA SORTE DA VILA LHPD LT., 01.439.146/0001-09, 3187, SORTECERTALOTERIALTDA@GMAIL.COM
326, LOTERIA ESPORTIVA GRANDE FUTURO LTDA ME, 01.719.837/0001-58, 4515, loteriagrandefuturo@gmail.com
327, LOT VILLAGE DA SORTE, 01.818.497/0001-12, 1024, JFFERNANDEZ@BOL.COM.BR
328, LUCK MARKET LOTERIAS, 01.468.607/0001-63, 1024, MICHELLEROCHET@IG.COM.BR
329, LOTERIA CASSINO PARLE LTDA, 01.489.339/0001-66, 3111, merckdasorte@gmail.com
330, NOVE MIL LOTERIAS LTDA, 01.459.911/0001-44, 4946, pedradeguaratibadasorte@gmail.com
331, PINHO LOTERICA LTDA, 01.491.340/0001-25, 203, pinholoterica@gmail.com
332, PRIMCOM LOTERIAS LTDA, 01.605.897/0001-40, 3223, rodriguesjm@bol.com.br
333, SINDICATO DA SORTE LTDA, 01.661.127/0001-14, 3241, sindicatodasorte@gmail.com
334, TUO LOTERIAS LTDA, 01.394.165/0001-58, 204, tuoloterias07@gmail.com
335, BOA SORTE DE MADUREIRA LOTERIAS LTDA, 02.209.358/0001-54, 219, mario.rodriguesmdsr@gmail.com
336, CRUZEIRO DA SORTE LOTERIAS LTDA ME, 02.734.628/0001-46, 224, jfumaux@hotmail.com
337, L & D LOTERIA ESPORTIVA LTDA, 02.277.094/0001-76, 990, marcelofferreira0308@gmail.com
338, GUI-GUI LOTERIA ESPORTIVA LTDA, 02.693.156/0001-20, 2264, jfademoura@gmail.com
339, PAPELARIA E LOTERIA KISORT LTDA, 02.478.938/0001-47, 1411, joao.ewald33@gmail.com
340, LOTERIA CARAMURU LTDA, 02.629.420/0001-67, 2912, loteriacaramuru@gmail.com
341, LOTERIAS NOVA VALQUEIRE LTDA, 02.438.749/0001-40, 1707, novavalqueire@hotmail.com
342, LOTERIAS SORTE DUPLA LTDA, 02.307.248/0001-25, 3111, loteriassortedupla@gmail.com
343, LOTERIA AMIGOS DA SORTE LIMITADA, 02.616.527/0001-70, 207, flaviababo.emmanuel@gmail.com
344, MARSERE LOTERIA ME, 02.410.392/0001-92, 4415, lotmarsere@yahoo.com.br
345, PRACA SAENZ PENA LOTERIAS LTDA, 02.346.158/0001-43, 228, psploterias@gmail.com
346, RUNAS LOTERIAS E BAZAR LTDA, 02.774.871/0001-98, 211, runasloterias@gmail.com
347, SEFAT LOTERIAS LTDA., 02.797.586/0001-92, 219, alciclea.f@yahoo.com
348, SORTE TOTAL DAS LOTS LTDA, 02.783.740/0001-77, 3024, cittalot@hotmail.com
349, VIEIRA RODRIGUES LOTERIA LTDA, 02.691.618/0001-70, 203, rvieirarodrigues@uol.com.br
350, BILHETES DA SORTE LTDA, 02.853.360/0001-61, 4063, admbilhetesdasorte@gmail.com
351, CASA LOTERICA VAI QUE DA LTDA ME, 02.917.399/0001-03, 1334, mario.rodrigues.mdsr@gmail.com
352, ILHA DA SORTE LOTERIAS LTDA, 02.873.678/0001-04, 4543, nunesrocha@hotmail.com
353, LOTERIA SORTE DA BARRA LTDA, 03.081.546/0001-02, 4043, loteriasortedabarra@yahoo.com.br
354, QUARESMA DE OURO LOT.LTD, 02.842.775/0001-30, 3131, quaresmadeouro@gmail.com
355, LOTERIA JULYANA LTDA, 02.887.618/0001-40, 216, lotejulyana@gmail.com
356, LOTERIAS ROSARIO DA SORTE LTDA, 02.807.765/0001-63, 2501, loteriasrosario@gmail.com
357, PRACA DA SORTE  LOTERIA LTDA, 03.124.801/0001-57, 4456, gcar.paredes@hotmail.com
358, SANTA TERESINHA DO MENINO JESUS LOT LTDA, 02.934.927/0001-24, 228, stmjloterias@gmail.com
359, SEIS DE OURO LOTERIA, 02.870.903/0001-59, 4749, tuetun@hotmail.com
360, SKY LOTERICA LTDA, 03.119.306/0001-50, 224, skyloterica@gmail.com
361, SONHO MEU LOTERIA LTDA, 03.105.611/0001-92, 202, fnascentes@gmail.com
362, SORTE DE NOVA BRASILIA LTDA ME, 03.005.564/0001-05, 1095, flaviobras.lopes@gmail.com
363, Vx2 APOIO ADMINISTRATIVO LTDA, 03.091.115/0001-27, 2954, sortesua2008@gmail.com
364, TORRE DA FELICIDADE LOT.LTD, 02.826.024/0001-20, 210, loteriatorre@outlook.com.br
365, CASA LOTERICA TIUBA L, 03.452.050/0001-06, 544, tiubalot@gmail.com
366, CEIDA SORTE LOTERIAS LTDA, 03.180.316/0002-81, 1025, ceidaramos@yahoo.com.br
367, CEIDA SORTE LOTERIAS LTDA., 03.180.316/0001-09, 1025, ceidaramos@yahoo.com.br
368, LOTERIA 3 MILENIO LTDA., 03.156.839/0001-01, 3105, lot3milenio@hotmail.com
369, LOTERIA AFORTUNADA LTDA., 03.458.391/0001-80, 4203, loteria.afortunada@gmail.com
370, Loteria Esportiva Douro Ltda., 03.299.044/0001-52, 2324, lotdouro@gmail.com
371, LOTERIA HADOCK LOBO LTDA, 03.144.312/0001-67, 4062, alexsander0106@gmail.com
372, CASA LOTERICA QUINTA DA SORTE LTDA ME, 03.481.237/0001-20, 232, flaviobras.lopes@gmail.com
373, POINT DA SORTE LOTERIAS LTDA, 03.259.491/0001-88, 990, pointdasorteloterias@gmail.com
374, PONTO CERTO BIP LOTERIAS LTDA, 03.304.966/0001-00, 232, flaviobras.lopes@gmail.com
375, RECREIO LOTERIAS LTDA., 03.352.055/0001-59, 4148, loteriasrecreio@hotmail.com
376, SACCIATA LOTERIA ESPORTIVA LTDA, 03.397.127/0001-84, 2912, sacciata@gmail.com
377, SORTELE LOTERIAS LTDA, 03.431.737/0001-57, 225, loteriasortele@gmail.com
378, TRILHA DA SORTE LOTERIA LTDA, 03.300.321/0001-08, 201, trilhadasorte194@gmail.com
379, LOTERIAS URUGUAIANA  DA SORTE LTDA, 03.493.445/0001-49, 2915, loteriauruguaiana@gmail.com
380, CENTRO LOTERICO EXPRESSO DA SO, 03.573.586/0001-71, 232, patricia_ibrahim@hotmail.com
381, LOTERIA MARCA DO OURO LTDA, 03.732.541/0001-00, 2904, loteria.marcadoouro@gmail.com
382, LANCE MAIOR LOTERICO LTDA ME, 04.156.629/0001-86, 224, carla.expressogas.jdam@gmail.com
383, LEKA LOTERIAS LTDA-ME, 03.544.089/0001-45, 3111, lekaloteria@gmail.com
384, ECOLINE LOTERIAS E VIDEO  LOCADORA LTDA, 04.214.507/0001-07, 229, ecolineloteria@gmail.com
385, LOTERIA NOVA YORK LTDA, 03.505.987/0001-94, 205, loterianovayork@gmail.com
386, LOTERIA RIO SUL LTDA., 03.991.121/0001-30, 545, loteriariosuladm@gmail.com
387, NUMBER ONE LOTERIAS LTDA, 03.561.366/0001-28, 4087, loterianumberone@gmail.com
388, AEME LOTERIAS LTDA, 04.005.130/0001-78, 1343, chagas1@uol.com.br
389, NOBREZA LOTERIA LTDA, 04.101.865/0001-03, 990, nobreza.loteria@gmail.com
390, CASA LOTERICA NOVO MILENIO LTDA, 03.770.811/0001-60, 1327, loterianovomilenio@gmail.com
391, OLIMPO DA SORTE LOTERIA LTDA, 04.088.955/0001-01, 544, andersonbaroos@gmail.com
392, R.J.M. LOTERIAS LTDA, 04.151.488/0001-09, 228, be.mscarvalho@gmail.com
393, REYSINHO DA SORTE LOTERIAS LTDA, 03.825.652/0001-53, 1650, reysinholoteria@gmail.com
394, TRIPLO AAA LOTERICA LTDA, 04.161.862/0001-57, 217, alcidesabreu720@gmail.com
395, AKI DA SORTE DO BRASIL LOTERIA LTDA, 04.835.109/0001-08, 1027, tiagosef@hotmail.com
396, AKIEU TENTO 84 LOTERIA ESPORTIVA LTDA., 04.597.862/0001-02, 4086, postogmp@gmail.com
397, BARAO LOTERIAS SANTA CRUZ LTDA ME, 04.375.415/0001-09, 229, cassioroberto1961@gmail.com
398, GAMA CENTER LOTERIA LTDA, 04.829.197/0001-27, 224, CARLA.EXPRESSOGAS.JDAM@GMAIL.COM
399, BUSCH LOTERIA ESPORTIVA LTDA  ME, 04.264.731/0001-03, 205, buschlot@hotmail.com
400, CASA LOTERICA W E CARIOCA LTDA, 04.417.786/0001-06, 990, loteriawecarioca@gmail.com
401, AMERICAS SHOPPING, 04.218.198/0001-35, 1458, danielescassa2017@gmail.com
402, DOWNTOWN BARRA LOTERIAS LTDA, 04.788.497/0001-05, 3024, jaimevidal.rj@uol.com.br
403, LOT. ESTACAO DA SORTE CENTRAL DO BR LTD, 04.775.988/0001-11, 2387, loteriaestacaodasorte@gmail.com
404, FONTE DA FORTUNA LOTERIAS LTDA, 04.838.703/0001-44, 4086, lotericafonte@gmail.com
405, LOTERIA CORRIDA PARA A FORTUNA LTDA - ME, 04.345.191/0001-84, 225, danielescassa2017@gmail.com
406, LOTERIA ESPORTIVA BONZOUMET'S LTDA, 04.334.568/0001-08, 219, celsobonz@hotmail.com
407, LOTERIA ESP. ESPERANÇA E SONHOS LTDA., 04.649.965/0001-60, 204, loteriaesperancaesonhos@yahoo.com.br
408, COVA DA ONCA LOTERIAS LTDA, 04.314.454/0001-98, 216, loteriacovadaonca@gmail.com
409, LOTERICA PRAIA DA BARRA LTDA, 04.811.026/0001-70, 1458, marcrissorte71@gmail.com
410, 70 VOCE GANHA LTDA, 04.839.244/0001-13, 1024, LOTERIA70VOCEGANHA@GMAIL.COM
411, APOSTA CERTA  LOTERIAS LTDA - ME, 04.859.052/0001-79, 3358, apostacertapm@ig.com.br
412, CASA LOTERICA SANTA CLARA DA PAVUNA LTDA, 04.863.912/0001-48, 1094, leoesteves72@gmail.com
413, CITTADINO VIEIRA LOTERIAS LTDA, 04.886.993/0001-00, 204, loteriacittadino@gmail.com
414, LOTERIA RUAS ALVAREZ LTDA, 04.918.129/0001-34, 680, craquedojogo@terra.com.br
415, DIJAS LOTERIA LTDA, 04.859.156/0001-83, 208, ja9459713@gmail.com
416, LOTERIAS RIO DO A LTDA, 04.859.010/0001-38, 4087, rosemaryfranco.rf@gmail.com
417, LOTERICA  PONTAL DO RECREIO LTDA, 04.864.535/0001-61, 3637, lotpontaldorecreio@hotmail.com
418, LUCKY TIME LOTERIA LTDA, 04.844.754/0001-89, 4648, luckytimebotafogo@gmail.com
419, SORTILEGIO LOTERIAS LTDA, 04.912.078/0001-33, 232, apacheco541@gmail.com
420, HOUSE DA SORTE LOTERIAS LTDA, 04.857.576/0001-20, 233, housedasorte2025@gmail.com
421, SO SORTE CAFUNDA LOTERIAS LTDA, 04.939.878/0001-48, 537, valeria.damica@gmail.com
422, SORTE LOTERICA BARRA DA TIJUCA LTDA, 04.887.381/0001-23, 4043, tijuquinhaloteria@gmail.com
423, SUPER PREMIO DE RAMOS LOTERIA LTDA-ME, 04.843.319/0001-30, 990, digobrede@gmail.com
424, VINTEM DA SORTE LOTERIA  LTDA, 04.896.913/0001-99, 4063, leoesteves@gmail.com
425, ABROLHOS LOTERIAS LTDA, 04.979.218/0001-90, 680, loteriaabrolhos@gmail.com
426, AKI DA SAMBA E SORTE LOTERIAS LTDA, 05.235.074/0001-20, 3057, alecxander.ramos@hotmail.com
427, BOA SORTE LOTERIAS LTDA, 05.094.887/0001-48, 3637, lot_b_sorte@hotmail.com
428, KAMALEAO DA SORTE LOTERICA LTDA, 05.033.553/0001-64, 202, kamaleaodasorte@yahoo.com.br
429, ESTACAO BANGU LOTERIAS E BAZAR LTDA, 04.969.111/0001-61, 4415, estacaobangu@gmail.com
430, JULIMAR LOTERIAS LTDA, 05.166.829/0001-82, 203, julimarloterias2009@hotmail.com
431, KES SORTE LOTERIAS LTDA, 05.033.609/0001-80, 4415, loteriakessorte@gmail.com
432, LOTERIA QUARTETO DA SORTE LTDA, 05.070.848/0001-00, 213, quartetosorte@gmail.com
433, PACO LOTERIA LTDA- ME, 05.148.964/0001-03, 208, pacoloteria@outlook.com
434, POLISUPER LOTERIAS LTDA, 05.104.845/0001-40, 2376, raloteria_santacruz@outlook.com.br
435, REAL 96 LOTERIAS DIVINA DA SORTE LTDA, 05.268.971/0001-30, 3613, real96loteria@gmail.com
436, SALMA LOTERIA LTDA, 04.952.392/0001-40, 1024, SALMALOTERIA@GMAIL.COM
437, SENA PREMIADA LOTERIA LTDA, 05.119.445/0001-09, 2270, senapremiada175@gmail.com
438, TREVO DA ILHA  LOTERIAS LTDA, 05.115.198/0001-72, 215, trevodailhaloterias@gmail.com
439, TRICOLOR SUBURBANO LOTERIAS LTDA, 05.104.705/0001-72, 3057, tiagosef@hotmail.com
440, ABADA DA SORTE LOTERIAS LTDA, 05.606.358/0001-86, 232, emersosouto@yahoo.com
441, ESPERANCA DA SORTE LOTERIAS LTDA ME, 06.015.387/0001-36, 225, loteriaesperabcadasorte@gmail.com
442, CAMINHO DA SORTE LOTERIAS LTDA, 06.201.259/0001-87, 1458, DANIELESCASSA2017@GMAIL.COM
443, DOZE DE JULHO LOTERIAS LTDA, 05.976.213/0001-77, 3225, 12dejulholoteria@gmail.com
444, TYKHE LOTERIA LTDA, 05.300.456/0001-90, 4748, tykhelotericas@outlook.com
445, LOTERIAS BOA CHANCE LTDA, 06.056.716/0001-97, 2834, boachance15@gmail.com
446, XARABAIDA LOTERIAS LTDA, 05.508.454/0001-91, 3057, tiagosef@hotmail.com
447, PLENA SORTE LOTERIA ESPORTIVA EIRELI, 05.750.653/0001-01, 229, contatojlasoares@gmail.com
448, RIO PORTUGAL LOTERIAS LTDA, 05.884.717/0001-67, 2915, isbotelho76@gmail.com
449, SINAL DA FORTUNA  LOTERIAS LTDA, 05.673.826/0001-35, 221, aline.granja@hotmail.com
450, SO GANHA QUEM JOGA LOT ESP LTDA, 05.522.969/0001-46, 216, ginasantos086@gmail.com
451, SORTEX MINHA LOTERIA  LTDA ME, 05.963.746/0001-14, 216, loteriasortex@gmail.com
452, MEDEIROS E MIRANDA LOTERIAS LTDA, 05.957.464/0001-04, 4749, talisma3@uol.com.br
453, TREVINHO DO JABOUR LOTERIA LTDA, 05.560.162/0001-06, 203, loteriatrevinho@ccpb.com.br
454, MAGARCA CAMPOGRANDENSE LOTERIAS LTDA, 05.747.070/0001-21, 208, magarcaloterias@gmail.com
455, MUDE DE VIDA LOTERIAS LTDA, 06.948.567/0001-70, 2834, loteriamudedevida@gmail
456, BARAO DA SORTE LOTERIA E BARBEARIA LTDA, 06.316.513/0001-92, 588, alex.mousse@gmail.com
457, CASA LOTERICA BLESSING LTDA, 06.316.503/0001-57, 3105, loteria.blessing@gmail.com
458, BORGES E BORGES LOTERIAS  LTDA ME, 06.309.145/0001-55, 3146, concordeloterias@gmail.com
459, CUPELLO MARACANA JOGOS DE LOTERIA LTDA, 06.866.592/0001-05, 1650, cupellomaracana@gmail.com
460, LOTERIA DADO MANIA LTDA, 06.977.247/0001-49, 4749, dadomanialoteria@gmail.com
461, ENGENHO DA SORTE LOTERIAS LTDA, 07.072.677/0001-84, 1027, engenhodasorteloteria@gmail.com
462, FIVE LOTERIA ESPORTIVA LTDA, 06.878.265/0001-73, 1326, fiveloteria@gmail.com
463, APOSTA LEGAL LOTERIAS LTDA, 06.899.888/0001-22, 4148, andreiascassa@gmail.com
464, MARNECA LOTERIAS LTDA, 06.558.535/0001-69, 198, marcehn@gmail.com
465, LOTERIA PASSOS DA SORTE LTDA, 06.302.542/0001-03, 2030, passosdasorteloteria@hotmail.com
466, PAPALEGUA DA SORTE LOTERIAS LTDA, 06.296.241/0001-06, 4193, egomarq@gmail.com
467, PRIMUS - IPANEMA - LOTERIAS E BAZAR LTDA, 06.865.970/0001-36, 1326, primusipanemaloterias@gmail.com
468, SAI GANHANDO LOTERIA, 06.315.560/0001-11, 200, saiganhando.ricardo@gmail.com
469, RSC LOTERIA LTDA, 06.201.436/0001-25, 4203, marcio.rodrigues.s@hotmail.com
470, GERALDO C PINTO LOTERIAS LTDA, 07.342.237/0001-08, 232, CAJUDASORTE@GMAIL.COM
471, CIGANA DA SORTE LOTERIAS LTDA ME, 07.280.713/0001-03, 680, ciganadasorte@terra.com.br
472, LOTERIA JARDIM BOTANICO LTDA, 11.033.265/0001-02, 2270, leonardofhafner@gmail.com
473," NOVA BARRA - LOTERIAS, JORNAIS E REV LTD", 07.465.378/0001-00, 2913, leos1975@yahoo.com
474, FAZENDA PE QUENTE LOTERICA LTDA ME, 07.157.854/0001-25, 1095, fazendapequente@yahoo.com
475, POLEGAR DA SORTE LOTERIAS LTDA, 07.462.316/0001-44, 4838, dilucapolegardasorte@gmail.com
476, CAMARA DA SORTE 2005 LOTERIA LTDA ME, 07.142.550/0001-94, 1650, camaradasorte@hotmail.com
477, SHOPPING RIO 2 LOTERIAS LTDA, 10.686.907/0001-00, 4748, rio2loterias@gmail.com
478, SONHO DOURADO LOTERIA LTDA, 10.507.857/0001-56, 1027, ltsonhodourado@gmail.com
479, LOTERICA SORTE DA VILA LTDA, 07.314.083/0001-32, 215, afra_medeiros@hotmail.com
480, LOTERIA ESPORTIVA SORTE GRANDE LTDA, 10.600.709/0001-81, 3358, loteriasortegrandecg@gmail.com
481, TEAGA 33 DA SORTE CASA LOTERICA LTDA, 07.271.553/0001-28, 1026, teaga33dasorte@gmail.com
482, UNIVERSO DA SORTE CASA LOT DE JPA LTDA, 10.698.927/0001-09, 4063, filipe_correa@yahoo.com.br
483, SIQUEIRA E LEE LOTERIA LTDA, 11.010.767/0001-18, 1026, usinadasorte@gmail.com
484, XINGU LOTERIAS LTDA, 10.492.073/0001-00, 4402, xinguloterias@hotmail.com
485, IARAQUA LOTERIA LTDA, 19.444.511/0001-20, 4945, loteria1000@hotmail.com
486, ILHA PURA LOTERIAS LTDA, 15.094.420/0001-51, 4748, marcrissorte71@gmail.com
487, LOTERIA AYRTON SENNA, 15.090.414/0001-26, 2905, ricardocardoso02@hotmail.com
488, LOTERIA HUMAITA LTDA, 11.034.354/0001-73, 2270, silvinha.correa01@gmail.com
489, LOTERIA POLIDORO LTDA, 15.013.540/0001-87, 3106, loteriapolidoro@terra.com.br
490, LOTERICA LINHARES LTDA ME, 16.955.483/0001-18, 4750, manuelicastro@hotmail.com
491, B G A F LOTERICA LTDA, 11.137.141/0001-77, 206, gustavo.fontaine@gmail.com
492, LOTERICA REI ARTHUR LTDA, 12.455.216/0001-20, 839, lotericareiarthur@gmail.com
493, OPCAO DA SORTE LOTERIA LTDA, 18.901.810/0001-84, 4415, loteriaopcaodasorte@hotmail.com
494, LOTERIA POINT DA FORTUNA LTDA ME, 15.013.565/0001-80, 221, paulo@paulocaf.com.br
495, O.F. EMPREENDIMENTOS LOTERICOS LTDA, 15.013.536/0001-19, 2247, apiacas.loteria@gmail.com
496, ROSAS DA SORTE LOTERIAS LTDA, 15.089.673/0001-37, 1458, marcrissorte71@gmail.com
497, ROYAL LOTERIAS LTDA ME, 15.026.274/0001-27, 215, royalloterias@gmail.com
498, J R LOTERIA ESPORTIVA LTDA, 11.291.142/0001-71, 3241, jrloteria@hotmail.com
499, MELLO SANTOS LOTERIAS LTDA ME, 14.842.840/0001-06, 1095, m.elcio@yahoo.com.br; valedeouro@yahoo.com.br
500, GEMAR CASA LOTERIA LTDA ME, 19.455.580/0001-30, 213, beijaflu2@gmail.com
501, DITARI SERV LOTERICOS E EMPREEND LTDA, 21.973.754/0001-06, 4144, othama@gmail.com
502, DUMONT SERVICOS LOTERICOS LTDA ME, 19.585.395/0001-60, 1648, dumontloterias@gmail.com
503, ENCONTRO COM A SORTE LOT DO BRASIL LTDA, 19.834.533/0001-05, 4402, encontrocomasorte.caixa@gmail.com
504, ESTAC. PARE PAG LTDA, 27.212.059/0001-08, 208, sersoma@uol.com.br
505, LOTERIA APIACAS LTDA, 20.219.757/0001-88, 1024, apiacas.loteria@gmail.com
506, LOTERIA BARAO DA PEDRA LTDA, 19.824.407/0001-61, 229, CASSIOROBERTO1961@GMAIL.COM
507, LOTERIA CATUMBI LTDA ME, 19.644.056/0001-07, 1624, loteriacatumbi@gmail.com
508, LOTERIA GARDENIA AZUL LTDA, 20.459.858/0001-26, 4402, loteriagardenia@hotmail.com
509, LOTERIA JC - JESUS NO CORACAO LTDA, 22.028.341/0001-08, 4946, araujo.laryssa15@gmail.com
510, LOTERIA REMY LTDA, 20.219.724/0001-38, 1037, remyloteria@hotmail.com
511, LOTERIA SORTE DA GAVEA LTDA, 26.096.015/0001-99, 1339, cristina2008b@yahoo.com.br
512, CASA LOTERICA SANTA FE LTDA, 19.717.096/0001-31, 1094, legal@grupoconsif.com.br
513, MASELLO LOTERIAS, 27.165.406/0001-80, 4062, kormanvideo@yahoo.com.br
514, TAQUARA PLAZA LOTERIAS LTDA, 19.559.817/0001-22, 537, marcrissorte71@gmail.com
515, A M LOTERIAS LTDA, 27.614.205/0001-13, 1327, amloterias18@gmail.com
516, CASA LOTERICA DA CIDADE DE DEUS LTDA, 28.022.572/0001-90, 1024, loteriacidadededeus@gmail.com
517, CASSINO 17 LOTE. LTD, 27.661.594/0001-38, 3023, martins.nery@ig.com.br
518, CIGANINHA BOMBONIER LTDA ME, 28.103.935/0001-12, 215, marcoschampion@hotmail.com
519, LOTERIAS CLUBE DA SORTE FREGUESIA LTDA, 27.808.690/0001-66, 4063, gibaloterias@gmail.com
520, GIUSEPPE LOTERIA LTDA, 27.651.496/0001-10, 201, giuseppeloteria@hotmail.com
521, LA LA LOTERIAS LTDA ME, 27.298.587/0001-13, 211, lalaloteriascatete@gmail.com
522, LOT ESP BENJAMIN LTD, 27.807.817/0001-22, 1339, loteriaesportivabenjamin@gmail.com
523, LOT SORTE GRANDE LTD, 27.694.132/0001-17, 1024, loteriasortegrande74@gmail.com
524, LOTERIA ALVORADA LTD, 28.108.595/0001-12, 205, carlospereira.loteria@hotmail.com
525, LOT ESPORTIVA PARAISO DA SORTE LTDA ME, 27.821.446/0001-33, 213, PARAISOSORTE@TERRA.COM.BR
526, PARAFUSO PORTELA LTDA, 28.106.458/0001-49, 3023, malurlp@HOTMAIL.COM
527, BOUT LOT BOUTIQUE LOTERICA LTDA, 28.075.208/0001-99, 4147, boutlot2025@gmail.com
528, DANBEL LOTERIA ESPORTIVA LTDA ME, 28.105.617/0001-90, 2264, loteriadanbel@gmail.com
529, SUZYNHA LOTERIA LTDA, 27.640.788/0001-57, 216, suzynhaloteria@gmail.com
530, ARCO IRIS LOTERICO, 28.141.984/0001-40, 208, loteriaarcoiris@gmail.com
531, AS DA SORTE LOTS, 28.263.143/0001-05, 210, mrcbeto.costa@gmail.com
532, LISBOA LOTERIAS LTDA, 28.336.139/0001-20, 209, lisboaloterias@gmail.com
533, LOT CASCADURA SRA FA, 28.233.716/0001-58, 3057, manoelrfvendas@gmail.com
534, LOTERIAS LARANJEIRAS LTDA, 28.309.458/0001-46, 211, adm.lotericalaranjeiras@gmail.com
535, CHL LOTERIA LTDA, 28.300.242/0001-10, 4836, loteriaesmeraldarj@gmail.com
536, LOTERICA MACKENZIE LTDA, 28.255.271/0001-07, 2264, ls_martins@yahoo.com.br
537, MAG S LOTERIA LTDA, 28.222.404/0001-49, 208, sersoma@uol.com.br
538, MAPA DA MINA LOTERIA ESPORTIVA LTDA, 28.222.339/0001-51, 990, mapadamina@zkxloterias.com.br
539, MR. SORTE LOTERIAS LTDA, 28.265.569/0001-06, 206, silvinha.correa01@gmail.com
540, REAL LOTERIAS LTDA, 28.222.776/0001-75, 219, real.loterias@gmail.com
541, SIFRAO LOTERIAS LTDA, 28.142.727/0001-22, 211, sifraoloterias80@gmail.com
542, TIGRE LOTERICO LTDA, 28.213.643/0001-32, 1458, marcrissorte@ig.com.br
543, ENCONTRO COM A FORTUNA LOTERIAS LTDA, 28.222.735/0001-89, 2954, lencontrocomafortuna@gmail.com
544, VENEZIA LOTERIA LTDA ME, 28.269.983/0001-85, 588, venezia@terra.com.br
545, CASA BLANCA LOTERIAS LTDA, 28.963.338/0001-68, 200, armandinhoilha@gmail.com
546, CASA LOTERICA GRANDE LANCE LTDA, 29.326.469/0001-05, 2955, lotgrandelance@hotmail.com
547, J J LOTS, 28.973.121/0001-39, 1025, jotajotaloterias@gmail.com
548, JULIO G OURIVES LTDA, 29.344.405/0001-29, 4064, marceloleaojj@gmail.com
549, LOTER ESPORTIVA PATITA LTDA, 29.516.606/0001-66, 205, loteriapatita@gmail.com
550, LOTERIA  VILA NOVA LTDA, 29.496.361/0001-52, 208, loteriavilanova@yahoo.com.br
551, LOTERIA REGUFE LTDA, 28.878.791/0001-76, 3072, loteriaregufe@hotmail.com;
552, MANTOVANI LOTERIAS LTDA, 28.949.261/0001-71, 202, marceloleaojj@gmail.com
553, LOT ESP E PAPELARIA SANTO ANDRE LTDA, 28.338.101/0001-96, 4147, CELSOMARTINS28@GMAIL.COM
554, NOVA IPANEMA LOTERIAS LTDA, 29.473.691/0001-22, 1344, CINEA.PEREIRA@TERRA.COM.BR
555, RAMOS LOTERIA LTDA, 29.464.294/0001-94, 1330, flaviototal00@gmail.com     paradadasorteloterias@
556, PRIMOS LOTERIAS LTDA, 29.373.529/0001-32, 221, ellencrivaro@yahoo.com.br
557, TATINHA LOTERIAS LTDA EPP, 29.398.492/0001-05, 3072, lotericastatinha@hotmail.com
558, TIGRE LOTERICO RECREIO LTDA, 29.515.601/0001-19, 4148, marcrissorte71@gmail.com
559, VISCONDE LOTERIAS LTDA, 29.652.955/0001-05, 2955, viscondeloteriarj@gmail.com
560, A A LOTERIAS LTDA, 29.768.868/0001-18, 212, aaloterias@gmail.com
561, SPRITZER LOTERIAS LTDA - ME, 29.919.040/0001-13, 218, loterialeblon@gmail.com
562, CHEGADA LOTERIA ESPORTIVA LTDA, 30.256.945/0001-30, 225, loteriachegada2016@hotmail.com
563, CRI CRI LOTERICO LTD, 29.761.988/0001-93, 224, athayde.2006@globo.com
564, CASA LOTERICA GIGANTE DA SORTE LTDA ME, 30.067.698/0001-23, 542, gigsorte@hotmail.com
565, ITU BOUT. E ARTES, 30.019.699/0001-00, 1343, boutiqueitu@gmail.com
566, LOTERIA CENTRO DA SORTE LTDA ME, 30.087.704/0001-04, 3223, delfim222@gmail.com
567, LOTERIA EBENEZER LTDA, 30.234.188/0001-01, 2376, ebenezerloteria@gmail.com
568, LOT ESP MOTTA LTDA, 29.916.319/0001-43, 4147, ROGERIO_LOTERIAMOTTA@HOTMAIL.COM
569, MBX LOTERICAS LTDA, 30.142.720/0001-52, 3358, lotericaadeuspatrao@outlook.com
570, MEIER LOTERICO LTDA, 29.973.468/0001-44, 221, meierloterico@gmail.com
571, MEIER SORTE LOTERIA LTDA, 29.929.825/0001-77, 4147, meierloterico@gmail.com
572, PLAY TIME LOTERIAS LTDA, 29.887.577/0001-49, 206, playtimematriz@gmail.com
573, PONTO QUENTE LOTERIA LTDA, 30.137.509/0001-41, 1343, pqloteria@gmail.com
574, PORT SERVICOS LOT, 29.738.275/0001-09, 206, flprflavio@uol.com.br
575, A B LIMA LOTERIAS LTDA, 31.140.528/0001-90, 211, ablimarj@gmail.com
576, ANTUNES LOT.RIO LTDA, 32.099.210/0001-75, 1026, hkrugeraviles@gmail.com
577, LOTERIA BELBETH LTDA ME, 30.450.571/0001-99, 208, loteriabelbeth@gmail.com
578, CHAVEIRO E LOTERIA TORRES SOBRINHO LTDA, 31.116.478/0001-05, 4147, jardimdasorte@hotmail.com
579, GUIMA LOTERICAS LTDA, 30.722.621/0001-40, 1037, GUIMALOTERICAS@GMAIL.COM
580, KOISA BOA LOTERICA LTDA, 30.863.195/0001-64, 224, thiagoandrade27@yahoo.com.br
581, LOT. VISAO DE MADUREIRA, 30.803.886/0001-72, 210, visaodemadureira@ig.com.br
582, LOTERIA ESPORTIVA 3 NETINHOS L, 31.396.393/0001-28, 990, jlpmoreira1957@gmail.com
583, CASA LOTERICA LEBLON LTDA ME, 30.299.788/0001-40, 218, loterialeblon@gmail.com
584, LOTERIAS AMATO LTDA ME, 30.668.305/0001-37, 995, amatoloteria@gmail.com
585, SENA LOTERIAS LTDA, 31.541.188/0001-09, 3637, senaloteria@gmail.com
586, LOTERIAS SANTO AFONSO LTDA ME, 31.332.133/0001-99, 3111, loteriasantoafonso@gmail.com
587, O TRIPLO LOTERICO LT, 30.267.462/0001-30, 1343, triploloterico@yahoo.com.br
588, SENA DE OUROS LOTERIAS LTDA, 31.192.081/0001-00, 2387, senadeouros@gmail.com
589, BRASITALIA LOTERIA J R LTDA, 30.811.509/0001-85, 3146, brasitalia.loteria@yahoo.com.br
590, A SIMPATIA LOTERICA LTDA, 33.065.582/0001-43, 2834, luisdoliveira@bol.com.br
591, ORG ROCHA DE LOTERIAS E SERVICOS LTDA, 33.348.343/0001-09, 221, loteriameier104901@gmail.com
592, ANTARES LOTERIAS LTDA, 33.144.403/0001-63, 1330, jrloteria2010@gmail.com
593, LOT ESPORT BRITANIA, 33.098.146/0001-70, 2904, falotebrita@hotmail.com
594, FAIM LOTERIAS LTDA-ME, 32.215.790/0001-19, 203, lotfaim@hotmail.com
595, FIS MY LUCK LOTERIA LTDA, 32.333.403/0001-49, 1024, fismyluck@hotmail.com
596, JOSE COSTA LOTERIAS LTDA ME, 33.065.566/0001-50, 2915, isbotelho76@gmail.com
597, LOTERIA GAROTA LTDA, 33.350.927/0001-00, 205, paulorbp@uol.com.br
598, LOTERIA POMAR DA SORTE LTDA, 33.330.770/0001-51, 228, pomardasorte@hotmail.com
599, PAPELARIA E BAZAR TEM'S LTDA, 33.343.906/0001-68, 212, loteriascopachic@gmail.com
600, MULTILUDO JOGOS E DIVERSOES LT, 33.206.228/0001-91, 1095, multiludo@hotmail.com
601, C LOT PERIQUITO DA S, 32.355.703/0001-29, 1095, piriquitodasorte@gmail.com
602, SONARA LOTERIAS LTDA, 32.126.914/0001-90, 1026, lotericasonara@gmail.com
603, STA. MARG. LOTERIA   LTDA, 33.381.534/0001-64, 2912, loteriasantamargarida@gmail.com
604, TWIST LOTERIAS LTDA, 33.067.935/0001-44, 1343, twistloterias@gmail.com
605, BAZAR BERLINCK LTDA, 33.935.321/0001-37, 205, flavibras.lopes@gmail.com
606, BOULEVARD DA SORTE  LOTERIA  LTDA ME, 33.638.271/0001-26, 233, julianawgaio@hotmail.com
607, BOUTIQUE GAROTA DE IPANEMA, 34.030.809/0001-88, 1326, jose.miranda@globo.com
608, RODOVIARIA GUANABARA DE JORN E REV LTDA, 33.634.114/0001-42, 4838, fabio.sathler@gmail.com
609, Estacao Premiada, 34.028.704/0001-94, 1327, rosaneafsantos@gmail.com
610, EXCELENTE LOTERIAS LTDA, 33.473.778/0001-77, 201, loterias.loterias3@gmail.com
611, FLORIDA LOTERIAS LTDA EPP, 33.833.344/0001-30, 3225, ascofano@yahoo.com.br;
612, ITALRIO LOTERIAS LTD, 33.976.457/0001-95, 1326, italrio@ig.com.br
613, JUSSIARA LOTERIA LTD, 33.962.846/0001-61, 215, jussiaraloterialtda@gmail.com
614, LOTERIA ALVES PEREIRA LTDA, 33.446.592/0001-29, 4945, loteriaalvespereira@gmail.com
615, M M OLIVEIRA LOTS LT, 33.415.837/0001-50, 224, simone.2803@hotmail.com
616, PONTO DA SORTE LOTERIAS LTDA, 33.898.396/0001-95, 4062, jrloteria2010@gmail.com
617, SHOW DA SORTE LOT, 33.814.765/0001-14, 211, showdasorte@yahoo.com.br
618, SERV TECN REP BARCRO, 33.537.374/0001-08, 2955, loteriasrdm@gmail.com
619, TREVO LOTERICO LTDA EPP, 34.050.377/0001-77, 209, trevo.loterico@terra.com.br
620, A FLOR LOTERICA LTDA, 34.051.888/0001-03, 839, kriis@iis.com.br
621, LOTERIA ESPORTIVA ACARI LTDA, 34.162.198/0001-21, 673, loteriaesportivaacari@gmail.com
622, CASA DA SORTE LOTERIAS E SERVIÇOS LTDA, 34.261.917/0001-61, 211, casadasorteloteria@yahoo.com
623, CENTRO LOT.ESP.LTDA, 34.065.151/0001-40, 225, flaviobras.lopes@gmail.com
624, CHUTEIRA OURO LOT ES, 34.075.630/0001-47, 4706, cahlamonica@yahoo.com.br
625, DUPLA LOTERIAS LTDA, 35.851.336/0001-42, 216, duplaloterias@gmail.com
626, SORTE DE JACAREPAGUA LOTERIAS LTDA, 35.871.623/0001-14, 4648, filipe_correa@yahoo.com.br
627, IDEAL LOTERIAS LTDA, 34.084.343/0001-01, 995, idealloterias@gmail.com
628, LOTECOPA LOTERIA LTDA, 34.113.746/0001-23, 573, bazedoadv@hotmail.com
629, LOTERIA DA SORTE DO PEDREGOSO LTDA, 34.081.729/0001-51, 229, MIRALDESM@HOTMAIL.COM
630, RIBEIRA LOTERIA ESPORTIVA  LTDA, 34.086.769/0001-96, 215, novaribeira@gmail.com
631, PRI PRI LOTERIA LTDA ME, 34.074.120/0001-55, 231, pripriloteria@hotmail.com
632, QUINA LOTERICA LTDA, 34.093.575/0001-18, 218, quina.loterica@yahoo.com.br
633, SOL SON LOTERIAS E DISCOS LTDA ME, 34.388.629/0001-72, 213, alecxander.ramos@hotmail.com
634, ADRIANO LOTERICO LTD, 34.081.984/0001-02, 2264, lotericaadriano@gmail.com
635, BAZAR LOTERIAS DOIS EMES LTDA, 39.541.743/0001-04, 229, loterica2emes@gmail.com
636, CANDIDAS LOT E PAP, 36.163.400/0001-65, 207, candidasloteria@gmail.com
637, DIAS DA CRUZ LOT LT., 39.080.262/0001-49, 2264, loteriadc@gmail.com
638, LOTERIA DAMA DA SORTE, 39.348.025/0001-16, 680, loteriadamadasorte1@gmail.com
639, LOTERIA ESPORTIVA SALVADOR DA PATRIA LTD, 36.147.221/0001-34, 202, loteriasalvadordapatria@gmail.com
640, LOTERIA PARK DA SORTE LTDA, 38.311.798/0001-65, 4945, LOTERIAPARKDASORTE1@GMAIL.COM
641, LOTERICA DA SORTE DE CAMPO GRANDE LTDA, 39.967.390/0001-09, 2955, mbmariobrasil@hotmail.com
642, LOTS MARCIA DA SULACAP, 36.129.591/0001-49, 4086, loteriasulacap@gmail.com
643, MARCRIS LOTERIAS LTDA, 39.935.531/0001-01, 213, patrociniogomes@hotmail.com
644, NOVO PREMIO LOTERIAS LTDA, 35.899.160/0001-07, 4063, novopremioloteria@gmail.com
645, OLUAS ATIVIDADES LOTERICAS EIRELI ME ME, 40.211.757/0001-49, 680, saulotoledo1@gmail.com
646, RISK E JOG LOTERIAS LTDA, 40.218.992/0001-42, 2905, riskjog@gmail.com
647, SEGREDO DA SORTE LOT, 35.935.022/0001-28, 232, segredodasortemaster@gmail.com
648, TIA REGINA LOT. LDA, 35.894.229/0001-00, 1650, tiareginaloteria@gmail.com
649, CASA LOT.TIO PATINHA, 39.934.781/0001-27, 4515, romulo.reboucas@yahoo.com.br
650, ALICE LOTERIAS LTDA, 42.145.987/0001-82, 1411, aliceloteriasltda@gmail.com
651, CASA SELO VERMELHO MAQUINAS LTDA - ME, 42.141.994/0001-06, 204, selovermelholoterias@gmail.com
652, CITTA LOTERIAS LTDA ME, 68.731.280/0001-41, 3024, cittalot@hotmail.com
653, FATIMA LOTERIAS LTDA, 42.354.472/0001-92, 995, fatimaloteria@gmail.com
654, CASA GOMES LOTERIA LTDA ME, 42.205.500/0001-00, 544, jogadadasorteloterias@yahoo.com.br
655, JOSEMAR LOTS LTDA, 42.562.645/0001-68, 224, marcelogm_@hotmail.com
656, TIDE TEL INV DESENV ENTRETENIMENTO LTDA, 40.351.397/0001-80, 3307, triploloterico@yahoo.com.br
657, LOTERIA MENEZES CORTES LTDA, 42.588.251/0001-89, 3073, mzcortes20@gmail.com
658, LOTERIAS ARCADA LTDA ME, 42.284.117/0001-94, 995, arcadaloterias@gmail.com
659, M BARROS MONTEIRO LOTERIAS, 72.345.234/0001-81, 203, mmsanches_astra@hotmail.com
660, PATRICIUS LOTERIA LTDA, 68.746.981/0001-54, 995, patriciusloterias@gmail.com
661, POLO DA SORTE LOTERIAS LTDA, 40.271.025/0001-44, 219, polodasorte.loterias@gmail.com
662, PRINCESA DA SORTE LOTERIAS LTDA ME, 42.439.307/0001-33, 3187, princesadasorteloteria@outlook.com
663, RENASCER LOTERIAS LTDA, 72.097.645/0001-03, 201, renascerloterias@gmail.com
664, STROM DA SORTE LOTERIAS LTDA, 40.334.237/0001-23, 212, LOTERIASTROM@gmail.com
665, HIGIENOPOLIS LOTERIAS LTDA, 73.711.368/0001-31, 205, higienopolisloteria3@gmail.com
666, MEGA SORTE DO BRASIL LOTERIAS LTDA ME, 73.231.706/0001-38, 4706, alecxander.ramos@hotmail.com
667, MARB LOTERIAS LTDA, 72.502.610/0001-02, 1707, bazedo89@hotmail.com
668, MUNIZ LOTERIA LTDA, 73.775.462/0001-54, 588, munizloterias@yahoo.com.br
669, RIO AVENIDA LOTERIA LTDA, 73.513.764/0001-54, 199, lotericarioavenida@gmail.com
670, ROMAPHE LOTERIAS LTD, 72.564.636/0001-77, 3131, romapheloterias@oi.com.br
671, TREVO DA SORTE LOTERIAS LTDA, 97.362.800/0001-94, 1339, loteriatrevodasorte10@gmail.com
672, VIA PARQUE LOTERIAS, 73.239.949/0001-12, 1344, leila.esposito@bol.com.br
673, BAZAR LOTERIA MADALENENSE LTDA, 04.259.055/0001-71, 3174, cosmeouverney@gmail.com
674, LOTERIA CENTRAL DE PADUA LTDA., 01.879.573/0001-08, 191, claraffrauches@gmail.com
675, LOTERIA SAO FELIX LTDA, 04.787.924/0001-30, 191, claraffrauches@gmail.com
676, CELSO L D OLIVEIRA E CIA LTDA, 10.588.730/0001-09, 192, celsoluiz.dutra@gmail.com
677, LOTERIA TREVO DA SORTE DE SÃO FIDELIS LT, 05.468.069/0001-68, 192, celsoluiz.dutra@gmail.com
678, M T G FRANCISCO & CIA LTDA, 04.911.795/0001-40, 1331, mtgfrancisco@hotmail.com
679, ARSENAL DA SORTE LOTERIAS LTDA, 04.780.150/0001-16, 3594, paulo.arsenaldasorte@gmail.com
680, AGAN LOTERIAS ITAUNA LTDA, 17.054.430/0001-99, 3028, aganloterias.itauna@hotmail.com
681, ESCOLHA CERTA LOTERIA ESP LTDA, 03.784.911/0001-45, 4161, loteriaescolhacerta@hotmail.com
682, ESTRELA DA SORTE LOTERIAS LTDA ME, 14.979.275/0001-23, 4143, estreladasorte@yahoo.com.br
683, FORTE DA SORTE LOTERIA LTDA, 04.839.315/0001-88, 194, fortedasorte10@gmail.com
684, INVISTA NA SORTE LOTERIA LTDA, 03.585.991/0001-00, 889, loteriainvistanasorte@gmail.com
685, LAS VEGAS LOTERIAS LTDA, 14.911.727/0001-35, 4143, loterialasvegas10@gmail.com
686, LOTERIA GRADIM DA SORTE LTDA, 10.603.128/0001-01, 4161, loteriagradimdasorte@gmail.com
687, LOTERIA MINHA E SUA LTDA, 02.838.610/0001-94, 889, crisminhaesua@yahoo.com
688, LOTERIA X DA SORTE LTDA, 10.655.887/0001-00, 4161, lotxsorte@predialnet.com.br
689, SORTE DO MUTONDO LOTERIA LTDA, 17.063.882/0001-37, 4143, lot.zegarotogonca@hotmail.com
690, LOTERIAS MARIA PAULA LTDA, 04.851.592/0001-06, 1247, estevesrenato2015@gmail.com
691, NEVES SANTOS LOTERIAS LTDA, 01.515.446/0001-11, 194, luizfernandoneves61@gmail.com
692, SJT LOTERIAS LTDA, 10.576.751/0001-04, 889, sjtloteria@yahoo.com.br
693, WALKER HARTT LTDA ME, 05.045.203/0001-18, 4143, totomanialoteria@gmail.com
694, CASA LOTERICA TRIBOBO LTDA, 17.275.206/0001-27, 3594, ul.tribobo@gmail.com
695, CONTA CERTA LOTERIA LTDA, 29.401.585/0001-33, 889, loteriacontacerta@gmail.com
696, I J SOUSA GOMES LOTERIAS EIRELLI, 19.574.960/0001-93, 194, loteriariodoourodasorte@gmail.com
697, L L ESPORTIVA LTDA, 30.359.426/0001-05, 4161, llesportiva@hotmail.com
698, GERL LOTERIA LTDA, 19.539.514/0001-48, 3594, loteriadapraca2126@gmail.com
699, LOTERIA ESPORTIVA BIG SORTE LTDA, 30.348.122/0001-34, 4161, bigsorteloteria@hotmail.com
700, LOTERIA COVANCA LTDA, 19.458.465/0001-19, 3028, loteriacovanca10@gmail.com
701, NOVA CIDADE LOTERIA LTDA, 31.727.886/0001-01, 4978, novacidadeloteria@bol.com.br
702, PALOMA LOTERIAS LTDA, 28.238.665/0001-57, 194, palomaloterias@hotmail.com
703, SANTA LUZIA ESPORTIVA LTDA, 30.588.610/0001-19, 889, SANTALUZIALOTERIAS@GLOBO.COM
704, SANTA LUZIA ESPORTIVA LTDA FL, 30.588.610/0002-08, 889, SANTALUZIALOTERIAS@GLOBO.COM
705, STATUS LOT ESP, 28.083.780/0001-08, 889, jassonpessoa@gmail.com
706, TREZAO ESPORTIVA LTDA, 30.352.413/0001-04, 3594, trezao@globo.com
707, LOTERICA VENDA DA CRUZ LTDA ME, 31.723.620/0001-82, 3028, vendadasorteloteria@gmail.com
708, VISAO LOTERIA ESPORTIVA LTDA, 28.323.020/0001-12, 889, SANTALUZIALOTERIAS@GLOBO.COM
709, COELHAO DA SORTE LOTERIA LTDA, 33.636.005/0001-64, 889, coelhaodasorte@gmail.com
710, MILIONARIA DO ROCHA LTDA, 57.241.120/0001-06, 194, milionariadorocha@gmail.com
711, PER TUTTI LOTERIAS LTDA, 68.631.852/0001-10, 3028, pertuttiloterias@terra.com.br
712, POWER BALL LOTERIAS LTDA, 33.340.262/0001-54, 889, powerball08@yahoo.com
713, TRINDADE DA SORTE LTDA, 33.379.334/0001-77, 4978, trindadedasorte@gmail.com
714, C M A LOTERIA LTDA, 12.440.085/0001-08, 3573, cmaloteria@hotmail.com
715, R F A P LOTERIAS LTDA, 04.813.364/0001-41, 3573, RFDEAZEREDO@GMAIL.COM
716, CASA LOTERICA BOTANICO LTDA, 19.903.847/0001-04, 4149, loteriabotanico@hotmail.com
717, CASA LOTERICA FLORES LTDA, 19.807.661/0001-51, 190, TIAGO.ANDRADE.JESUS@ICLOUD.COM
718, KARBELLE LOTERIA ESPORTIVA LTDA, 03.758.710/0001-73, 190, loteriakarbelle@gmail.com
719, LORD LEONARDO LOTERIAS LTDA, 03.483.391/0001-30, 190, lordleonardoloterias@gmail.com
720, LOTERIA ARARUAMA LTDA, 20.066.628/0001-05, 2973, loteriaararuama@gmail.com
721, LOTERIA CALCADAO DE EDEN LTDA, 19.803.875/0001-50, 4761, calcadaodeeden@zkxloterias.com.br
722, LOTERIA CONDE DA SORTE LTDA, 39.768.840/0001-34, 4761, loteriacondedasorte1@gmail.com
723, CASA LOTERICA VILAR DOS TELES LTDA, 20.066.641/0001-56, 4149, rioville@zkxloterias.com.br
724, LOT SORTE GRANDE DE VILAR DOS TELES LTDA, 01.596.433/0001-14, 4149, loteriasortedevilar@hotmail.com
725, LOTERIAS PE DE COELHO LTDA, 31.950.843/0001-82, 4149, loteriapedecoelho@hotmail.com
726, LUCADIS LOTERIA ESPORTIVA LTDA - ME, 05.107.601/0001-11, 4761, loterialucadis@gmail.com
727, FABIOLA RIBEIRO MARTINS LOTERIA ESP LTDA, 03.926.281/0001-04, 4149, loteriafabiolaribeiromartins@gmail.com
728, CASA LOTERICA TALISMA DA SORTE LTDA, 36.614.995/0001-28, 2973, 
729, DROGARIA DO ADALTO LTDA, 05.164.681/0001-47, 182, administrativo@bazarsouza.com.br
730, LTCA MILION.DO VALE, 01.505.174/0001-79, 4146, silvioejuniorg@hotmail.com
731, L C SCHMIDT E CIA LTDA. FL., 02.744.644/0002-09, 1243, schmidt7ouro@ig.com.br
732, CARVALHO CLIMA DE SORTE LTDA. ME., 08.686.775/0001-74, 1243, edu_clima@hotmail.com
733, LOTERIA SAO JOAO LTDA, 19.018.409/0001-63, 1243, loteria.s.joao@gmail.com
734, L C SCHMIDT E CIA LTDA, 02.744.644/0001-10, 1243, schmidt7ouro@ig.com.br
735, SORTE CERTA LOTERIAS LTDA, 19.658.394/0001-06, 1243, sortecertaloteriasspa@gmail.com
736, SORTE DO ALTO LOTERIAS LTDA ME, 25.295.646/0001-74, 970, wellingtoncunha86@gmail.com
737, LOTERIA CONSORTE LTDA, 01.534.680/0001-96, 2072, giovannaguimaraes8@hotmail.com
738, LOTERIA DA PRACA LTDA, 14.958.988/0001-00, 1332, loteriadapracabacaxa@gmail.com
739, LOTERIA ESPORTIVA BACAXA LTDA, 29.842.630/0001-95, 1332, loteriaesportivabacaxa11@gmail.com
740, LOTERICA SORTE SAQUAREMA LTDA, 04.796.626/0001-07, 1332, lotericasortesaquarema@gmail.com
741, KM 40 LOTERIA BOA SORTE LTDA, 10.600.987/0001-39, 3071, admloteriakm40@hotmail.com
742, VALFER DESENV E GERENCIAMENTO LTDA ME, 11.482.974/0001-75, 3071, valeriafreitas9@yahoo.com.br
743, LOTERIA POEIRA DA SORTE LTDA ME, 19.444.170/0001-93, 3071, valeriafreitas9@yahoo.com.br
744, SEROSORTE LOTERIA EIRELI, 03.751.844/0001-62, 3071, serosorteloterias@gmail.com
745, MFK SANGINETO LOTERIAS LTDA., 09.650.038/0001-84, 769, bsangineto@gmail.com
746, R. E. RESENDE POLY COMERCIO LTDA, 04.836.319/0001-02, 4119, lotsumidouro@hotmail.com
747, LOTERIAS TANGUA LTDA, 29.553.955/0001-58, 4872, fabrinimilao@ig.com.br
748, CASA ESPERANCA DA VARZEA LTDA, 05.106.784/0001-50, 193, acrisnobre@uol.com.br
749, PONTO 5 CONFECCOES LTDA, 29.153.749/0001-50, 193, nelson.guedes@hotmail.com
750, LOTERIA DO ALTO LTDA, 29.944.733/0001-66, 4650, loteriadoalto@gmail.com
751, LOTERIA SERRA DOS ORGAOS LTDA, 03.392.691/0001-04, 193, carlos-maia1@hotmail.com
752, CASA LOT TREVO DA SORTE TERESOPOLIS LTDA, 04.787.413/0001-19, 4650, danilo13galvao@gmail.com
753, LOTERIA SER TERESOPOLIS LTDA, 32.188.708/0001-04, 193, LOTERIASERRANA@YAHOO.COM.BR
754, PONTO LOT TERESOPOLIS LTDA, 28.293.322/0001-95, 193, acrisnobre@uol.com.br
755, PONTO LOTERICO VARZEA LTDA, 30.611.230/0001-58, 193, pontoloterico@gmail.com
756, LOTERICA SUPER SORTE DA BARRA LTDA, 15.029.650/0001-37, 193, LOTERICAS@M7.COM.BR
757, LOTERICA 3M SUPER SORTE DE BONSUCESSO LT, 15.055.567/0001-32, 193, lotericas@m7.com.br
758, LOTERICA SUPER SORTE DE SAO PEDRO LTDA, 14.969.879/0001-99, 193, lotericas@m7.com.br
759, LOTERICA SUPER SORTE DO MEUDOM LTDA, 14.969.833/0001-70, 193, lotericas@m7.com.br
760, CHAUCA MATOSO CASA LOTERICA, 02.857.314/0001-30, 970, jfmatoso@yahoo.com.br
761, LOTERIA MARQUE CERTO LTDA, 28.083.004/0001-08, 195, marquecerto@hotmail.com
762, CAMPEAO LOT DA SORTE TRES RIOS, 01.505.808/0001-93, 195, jussaraassumpcao@yahoo.com.br
763, FIQUE RICO LOTERIA ESPORTIVA L, 32.298.911/0001-33, 195, fiquericoloteria@gmail.com
764, LOTERICA PATAO DA SORTE DE TRES RIOS LTD, 14.599.562/0001-08, 195, fiquericoloteria@gmail.com
765, VILA DA SORTE CASAS LOTERICAS LTDA, 14.638.031/0001-87, 1800, viladasorte@yahoo.com.br
766, BILLY BUGG COMERCIAL LTDA, 28.333.664/0001-91, 945, ricardodcenter@gmail.com
767, KINKAS LOTERIA LTDA ME, 14.789.052/0001-01, 945, sheilaribeirovet@hotmail.com
768, CASA LOTERICA PICO DA SORTE LTDA, 29.979.437/0001-09, 945, lotericapicodasorte@gmail.com
769, REAL FORTE CASA LOTERICA LTDA, 02.924.557/0001-44, 945, realforteloteria@gmail.com
770, VARRE SAI LOTERIAS LTDA, 10.570.043/0001-66, 1246, varresailoterias@gmail.com
771, LOTERIA JOIA RARA DE VASSOURAS LTDA ME, 05.191.307/0001-30, 196, lot.joiarara@gmail.com
772, LOTERIA OFICINA DA SORTE DE VASSOURAS LT, 05.470.309/0001-69, 196, neumatdemuner@yahoo.com.br
773, FAMILY COSTA LOTERIA LTDA, 05.063.884/0001-47, 4018, bazilioloterias@gmail.com
774, LOTERICA SORT ACO LTDA, 05.110.513/0001-79, 197, baziliovila@gmail.com
775, RDC LOTERIA LTDA ME, 28.690.402/0001-84, 4018, bazilioloterias@gmail.com
776, CASA LOTERICA IRMAOS ALMEIDA LTDA, 02.899.138/0001-08, 4018, loteriagalodeouroretiro@gmail.com
777, LEIJOTO E CARNIATO LOTERIA LTDA, 10.600.843/0001-82, 1504, loteriaalianca.caixa@gmail.com
778, LOTERIA AMARAL PEIXOTO LTDA, 10.606.492/0001-17, 1504, pontealtaloteria@hotmail.com
779, LOTERIA MEIA MEIA VL RICA DO TIRADENTES, 10.741.871/0001-10, 4018, claudio.boher74@gmail.com
780, LOTERIA CIDADE DO ACO LTDA, 04.947.201/0001-51, 4018, loteriacidadedoaco1974@gmail.com
781, LOTERIAS VILA SANTA CECILIA LTDA, 15.658.595/0001-44, 197, ala.jones@hotmail.com
782, LOTERIA DO ATERRADO LTDA, 17.910.089/0001-26, 4375, lotaterrado@hotmail.com
783, LOTERIA ESP APOSTA CERTA DO MILENIO LTDA, 04.947.171/0001-83, 1504, lotericaapostacerta@yahoo.com.br
784, LOTERIA MEIA MEIA DO RETIRO LTDA, 10.712.623/0001-40, 4018, claudio.boher74@gmail.com
785, LOTERIA VASCONCELOS LTDA, 28.812.600/0001-73, 197, loteriajavasconcelos@gmail.com
786, LOTERIA VOLDAC LTDA ME, 14.506.835/0001-22, 4018, loteria.voldac@gmail.com
787, LOTERIAS BLINDADA DA SORTE LTDA, 10.816.112/0001-79, 197, loteriablindada756@gmail.com
788, DAMA DE OURO LOTERIAS LTDA, 32.214.694/0001-56, 4375, damadeouro@outlook.com
789, CASA LOTERICA CORREIA & ALMEIDA LTDA, 36.570.527/0001-07, 4018, loteriagalodeouroretiro@gmail.com
790, LOTERIA VOLTA REDONDA LTDA, 32.571.309/0001-28, 4375, meiameialoteria@gmail.com
791, PARK SORTE LOTERIAS LTDA, 39.797.219/0001-07, 1504, PARKSORTELOTERIAS@GMAIL.COM
792, PREMIOS DE VOLTA REDONDA LOTERIAS LTDA, 32.214.710/0001-00, 1504, loteriaspremios23@gmail.com
