,Nome Fantasia,Razao Social,Endereco,CNPJ,Agencia Vinculada,E-mail,Atividade
0,LOTERIA  DO BETO, R T M  ANGRA LOTERIA LTDA,"TV MIGUEL ELIAS MIGUEL, 17 - CENTRO
                                        23900-569. ANGRA DOS REIS - RJ
                                        (24) 33671617", 05.233.941/0001-99, 887, rtmangra@gmail.com,"Atividades Exercidas- APOSTAS EM LOTERIAS FEDERAIS- BENEFICIOS SOCIAIS, PAGAMENTO DE BOLSA FAMILIA, FGTS, INSS, SEGURO DESEMPREGO E ABONO  - CARTAO DE CREDITO CAIXA - CONTA CORRENTE E POUPANCA (PF E PJ)- CONTA POUPANCA CAIXA FACIL- EMPRESTIMOS (CONSIGNADO/CDC/CHEQUE ESPECIAL/GIRO CAIXA/CREDITO REAL FACIL)- PIX SAQUE/PIX TROCO- RECARGA CELULAR - RECEBIMENTO DE BOLETOS, CONTAS (AGUA, LUZ, TELEFONE E GAS), TRIBUTOS MUNICIPAIS, ESTADUAIS E FEDERAIS- SAQUE/DEPOSITO/TRANSFERENCIAS DE CLIENTES CAIXA, SAQUE DE CONTAS BNB"
1,LOTERIA RAINHA DA SORTE, LOTERIA RAINHA DA SORTE LTDA,"AV CONDE MAURICIO DE NASSAU, 59 - JACUAGANGA
                                        23914-460. ANGRA DOS REIS - RJ
                                        (24) 981417800", 17.856.425/0001-08, 887, loteriaangradosreis1@gmail.com,"Atividades Exercidas- APOSTAS EM LOTERIAS FEDERAIS- BENEFICIOS SOCIAIS, PAGAMENTO DE BOLSA FAMILIA, FGTS, INSS, SEGURO DESEMPREGO E ABONO  - CARTAO DE CREDITO CAIXA - CONTA CORRENTE E POUPANCA (PF E PJ)- CONTA POUPANCA CAIXA FACIL- EMPRESTIMOS (CONSIGNADO/CDC/CHEQUE ESPECIAL/GIRO CAIXA/CREDITO REAL FACIL)- PIX SAQUE/PIX TROCO- RECARGA CELULAR - RECEBIMENTO DE BOLETOS, CONTAS (AGUA, LUZ, TELEFONE E GAS), TRIBUTOS MUNICIPAIS, ESTADUAIS E FEDERAIS- SAQUE/DEPOSITO/TRANSFERENCIAS DE CLIENTES CAIXA, SAQUE DE CONTAS BNB"
2,LOTERIA REI DA SORTE, LOTERIA REI DA SORTE LTDA,"R FRANCELINO ALVES DE LIMA, SN - NOVA ANGRA CUNHAMBEBE
                                        23933-005. ANGRA DOS REIS - RJ
                                        (24) 81417800", 38.337.806/0001-42, 887, LOTERIAREIDASORTE1@GMAIL.COM,"Atividades Exercidas- APOSTAS EM LOTERIAS FEDERAIS- BENEFICIOS SOCIAIS, PAGAMENTO DE BOLSA FAMILIA, FGTS, INSS, SEGURO DESEMPREGO E ABONO  - CARTAO DE CREDITO CAIXA - CONTA CORRENTE E POUPANCA (PF E PJ)- CONTA POUPANCA CAIXA FACIL- EMPRESTIMOS (CONSIGNADO/CDC/CHEQUE ESPECIAL/GIRO CAIXA/CREDITO REAL FACIL)- PIX SAQUE/PIX TROCO- RECARGA CELULAR - RECEBIMENTO DE BOLETOS, CONTAS (AGUA, LUZ, TELEFONE E GAS), TRIBUTOS MUNICIPAIS, ESTADUAIS E FEDERAIS- SAQUE/DEPOSITO/TRANSFERENCIAS DE CLIENTES CAIXA, SAQUE DE CONTAS BNB"
3,MORADA DA SORTE, ATAIDE E VIEIRA LOTERIA LTDA,"AV FRANCISCO MAGALHAES DE CASTRO, 900 - PARQUE MAMBUCABA
                                        23954-210. ANGRA DOS REIS - RJ
                                        (0) 0", 30.262.895/0001-01, 4377, moradadasorte2018@gmail.com,"Atividades Exercidas- APOSTAS EM LOTERIAS FEDERAIS- BENEFICIOS SOCIAIS, PAGAMENTO DE BOLSA FAMILIA, FGTS, INSS, SEGURO DESEMPREGO E ABONO  - CONTA POUPANCA CAIXA FACIL- PIX SAQUE/PIX TROCO- RECARGA CELULAR - RECEBIMENTO DE BOLETOS, CONTAS (AGUA, LUZ, TELEFONE E GAS), TRIBUTOS MUNICIPAIS, ESTADUAIS E FEDERAIS- SAQUE/DEPOSITO/TRANSFERENCIAS DE CLIENTES CAIXA, SAQUE DE CONTAS BNB- SEGUROS DE VIDA E RESIDENCIAL, CAPITALIZACAO E CONSORCIO (VEICULOS/IMOVEIS)"
4,PERCEGONI E SANTOS LOTERIA LTDA, PERCEGONI E SANTOS LOTERIA LTDA,"AV DR FRANCISCO M DE CASTRO, 569 - PARQUE MAMBUCABA
                                        23954-210. ANGRA DOS REIS - RJ
                                        (24) 999146464", 05.123.803/0001-57, 4377, nucleo.sorte@gmail.com,"Atividades Exercidas- APOSTAS EM LOTERIAS FEDERAIS- BENEFICIOS SOCIAIS, PAGAMENTO DE BOLSA FAMILIA, FGTS, INSS, SEGURO DESEMPREGO E ABONO  - CARTAO DE CREDITO CAIXA - CONTA CORRENTE E POUPANCA (PF E PJ)- CONTA POUPANCA CAIXA FACIL- EMPRESTIMOS (CONSIGNADO/CDC/CHEQUE ESPECIAL/GIRO CAIXA/CREDITO REAL FACIL)- PIX SAQUE/PIX TROCO- RECARGA CELULAR - RECEBIMENTO DE BOLETOS, CONTAS (AGUA, LUZ, TELEFONE E GAS), TRIBUTOS MUNICIPAIS, ESTADUAIS E FEDERAIS- SAQUE/DEPOSITO/TRANSFERENCIAS DE CLIENTES CAIXA, SAQUE DE CONTAS BNB"
5,ROTA DA SORTE, ROTA DA SORTE ANGRA LOTERIA LTDA,"AVENIDA RAUL POMPEIA, 126 - CENTRO
                                        23900-425. ANGRA DOS REIS - RJ
                                        (24) 33672133", 05.107.926/0001-02, 887, rotadasorteangra@gmail.com,"Atividades Exercidas- APOSTAS EM LOTERIAS FEDERAIS- BENEFICIOS SOCIAIS, PAGAMENTO DE BOLSA FAMILIA, FGTS, INSS, SEGURO DESEMPREGO E ABONO  - CARTAO DE CREDITO CAIXA - CONTA CORRENTE E POUPANCA (PF E PJ)- CONTA POUPANCA CAIXA FACIL- EMPRESTIMOS (CONSIGNADO/CDC/CHEQUE ESPECIAL/GIRO CAIXA/CREDITO REAL FACIL)- PIX SAQUE/PIX TROCO- RECARGA CELULAR - RECEBIMENTO DE BOLETOS, CONTAS (AGUA, LUZ, TELEFONE E GAS), TRIBUTOS MUNICIPAIS, ESTADUAIS E FEDERAIS- SAQUE/DEPOSITO/TRANSFERENCIAS DE CLIENTES CAIXA, SAQUE DE CONTAS BNB"
