,Nome Fantasia,Razao Social,CNPJ,Agencia Vinculada,Email,Endereco,Atividade
0,"
                                        AGENCIA LOTERICA
                                    ", LOTERICA ADAMANTINA II LTDA., 46.468.674/0001-16, 276, cristianehaga85@gmail.com,"RUA DEPUTADO SALLES FILHO, 296 - CENTRO
                                        17800-000. ADAMANTINA - SP
                                        (18) 35213286","Atividades Exercidas- APOSTAS EM LOTERIAS FEDERAIS- BENEFICIOS SOCIAIS, PAGAMENTO DE BOLSA FAMILIA, FGTS, INSS, SEGURO DESEMPREGO E ABONO  - CARTAO DE CREDITO CAIXA - CONTA CORRENTE E POUPANCA (PF E PJ)- CONTA POUPANCA CAIXA FACIL- EMPRESTIMOS (CONSIGNADO/CDC/CHEQUE ESPECIAL/GIRO CAIXA/CREDITO REAL FACIL)- PIX SAQUE/PIX TROCO- RECARGA CELULAR - RECEBIMENTO DE BOLETOS, CONTAS (AGUA, LUZ, TELEFONE E GAS), TRIBUTOS MUNICIPAIS, ESTADUAIS E FEDERAIS- SAQUE/DEPOSITO/TRANSFERENCIAS DE CLIENTES CAIXA, SAQUE DE CONTAS BNB"
1,"
                                        LOTERICA ADAMANTINA
                                    ", ADAMANTINA LOTERIAS LTDA ME, 02.106.160/0001-45, 276, lotericaadamantina@bol.com.br,"AV RIO BRANCO, 487 - CENTRO
                                        17800-000. ADAMANTINA - SP
                                        (18) 35228439","Atividades Exercidas- APOSTAS EM LOTERIAS FEDERAIS- BENEFICIOS SOCIAIS, PAGAMENTO DE BOLSA FAMILIA, FGTS, INSS, SEGURO DESEMPREGO E ABONO  - CARTAO DE CREDITO CAIXA - CONTA CORRENTE E POUPANCA (PF E PJ)- CONTA POUPANCA CAIXA FACIL- EMPRESTIMOS (CONSIGNADO/CDC/CHEQUE ESPECIAL/GIRO CAIXA/CREDITO REAL FACIL)- PIX SAQUE/PIX TROCO- RECARGA CELULAR - RECEBIMENTO DE BOLETOS, CONTAS (AGUA, LUZ, TELEFONE E GAS), TRIBUTOS MUNICIPAIS, ESTADUAIS E FEDERAIS- SAQUE/DEPOSITO/TRANSFERENCIAS DE CLIENTES CAIXA, SAQUE DE CONTAS BNB"
2,"
                                        ROSA E MELO LOTERICA LTDA
                                    ", ROSA E MELO LOTERICA LTDA, 10.562.530/0001-87, 1174, GORETIROSA@HOTMAIL.COM,"RUA FERNAO DIAS, 590 - CENTRO
                                        15230-000. ADOLFO - SP
                                        (0) 0","Atividades Exercidas- APOSTAS EM LOTERIAS FEDERAIS- BENEFICIOS SOCIAIS, PAGAMENTO DE BOLSA FAMILIA, FGTS, INSS, SEGURO DESEMPREGO E ABONO  - CARTAO DE CREDITO CAIXA - CONTA CORRENTE E POUPANCA (PF E PJ)- CONTA POUPANCA CAIXA FACIL- EMPRESTIMOS (CONSIGNADO/CDC/CHEQUE ESPECIAL/GIRO CAIXA/CREDITO REAL FACIL)- PIX SAQUE/PIX TROCO- RECARGA CELULAR - RECEBIMENTO DE BOLETOS, CONTAS (AGUA, LUZ, TELEFONE E GAS), TRIBUTOS MUNICIPAIS, ESTADUAIS E FEDERAIS- SAQUE/DEPOSITO/TRANSFERENCIAS DE CLIENTES CAIXA, SAQUE DE CONTAS BNB"
3,"
                                        CASA LOTERICA MR & C LTDA
                                    ", CASA LOTERICA MR & C LTDA, 15.832.952/0001-49, 3427, casalotericamrc@uol.com.br,"RUA VALINS, 746 - CENTRO
                                        13860-000. AGUAI - SP
                                        (19) 36521122","Atividades Exercidas- APOSTAS EM LOTERIAS FEDERAIS- BENEFICIOS SOCIAIS, PAGAMENTO DE BOLSA FAMILIA, FGTS, INSS, SEGURO DESEMPREGO E ABONO  - CARTAO DE CREDITO CAIXA - CONTA CORRENTE E POUPANCA (PF E PJ)- CONTA POUPANCA CAIXA FACIL- EMPRESTIMOS (CONSIGNADO/CDC/CHEQUE ESPECIAL/GIRO CAIXA/CREDITO REAL FACIL)- PIX SAQUE/PIX TROCO- RECARGA CELULAR - RECEBIMENTO DE BOLETOS, CONTAS (AGUA, LUZ, TELEFONE E GAS), TRIBUTOS MUNICIPAIS, ESTADUAIS E FEDERAIS- SAQUE/DEPOSITO/TRANSFERENCIAS DE CLIENTES CAIXA, SAQUE DE CONTAS BNB"
4,"
                                        LOTERICA AGUAI
                                    ", LOTERICA AGUAI LTDA, 49.385.867/0001-00, 3427, loterica.aguai@hotmail.com,"RUA CAPITAO SILVA BORGES, 635 - CENTRO
                                        13860-000. AGUAI - SP
                                        (19) 81471320","Atividades Exercidas- APOSTAS EM LOTERIAS FEDERAIS- BENEFICIOS SOCIAIS, PAGAMENTO DE BOLSA FAMILIA, FGTS, INSS, SEGURO DESEMPREGO E ABONO  - CARTAO DE CREDITO CAIXA - CONTA CORRENTE E POUPANCA (PF E PJ)- CONTA POUPANCA CAIXA FACIL- EMPRESTIMOS (CONSIGNADO/CDC/CHEQUE ESPECIAL/GIRO CAIXA/CREDITO REAL FACIL)- PIX SAQUE/PIX TROCO- RECARGA CELULAR - RECEBIMENTO DE BOLETOS, CONTAS (AGUA, LUZ, TELEFONE E GAS), TRIBUTOS MUNICIPAIS, ESTADUAIS E FEDERAIS- SAQUE/DEPOSITO/TRANSFERENCIAS DE CLIENTES CAIXA, SAQUE DE CONTAS BNB"
5,"
                                        W. V. JORDON LOTERIAS LTDA
                                    ", W.V. JORDON LOTERIAS LTDA, 05.160.969/0001-43, 349, lujordon@gmail.com,"RUA GABRIEL RABELLO DE ANDRADE, 136 - CENTRO
                                        13890-000. AGUAS DA PRATA - SP
                                        (19) 36421965","Atividades Exercidas- APOSTAS EM LOTERIAS FEDERAIS- BENEFICIOS SOCIAIS, PAGAMENTO DE BOLSA FAMILIA, FGTS, INSS, SEGURO DESEMPREGO E ABONO  - CARTAO DE CREDITO CAIXA - CONTA CORRENTE E POUPANCA (PF E PJ)- CONTA POUPANCA CAIXA FACIL- EMPRESTIMOS (CONSIGNADO/CDC/CHEQUE ESPECIAL/GIRO CAIXA/CREDITO REAL FACIL)- PIX SAQUE/PIX TROCO- RECARGA CELULAR - RECEBIMENTO DE BOLETOS, CONTAS (AGUA, LUZ, TELEFONE E GAS), TRIBUTOS MUNICIPAIS, ESTADUAIS E FEDERAIS- SAQUE/DEPOSITO/TRANSFERENCIAS DE CLIENTES CAIXA, SAQUE DE CONTAS BNB"
6,"
                                        A LINDOIA LOTERICA LTDA
                                    ", A LINDOIA LOTERICA LTDA, 43.122.431/0001-33, 1177, alindoialoterica@gmail.com,"R Sao Paulo, 177 - Centro
                                        13940-000. AGUAS DE LINDOIA - SP
                                        (19) 38243406","Atividades Exercidas- APOSTAS EM LOTERIAS FEDERAIS- BENEFICIOS SOCIAIS, PAGAMENTO DE BOLSA FAMILIA, FGTS, INSS, SEGURO DESEMPREGO E ABONO  - CARTAO DE CREDITO CAIXA - CONTA CORRENTE E POUPANCA (PF E PJ)- CONTA POUPANCA CAIXA FACIL- EMPRESTIMOS (CONSIGNADO/CDC/CHEQUE ESPECIAL/GIRO CAIXA/CREDITO REAL FACIL)- PIX SAQUE/PIX TROCO- RECARGA CELULAR - RECEBIMENTO DE BOLETOS, CONTAS (AGUA, LUZ, TELEFONE E GAS), TRIBUTOS MUNICIPAIS, ESTADUAIS E FEDERAIS- SAQUE/DEPOSITO/TRANSFERENCIAS DE CLIENTES CAIXA, SAQUE DE CONTAS BNB"
7,"
                                        LOTECA DO ZE LUIZ
                                    ", LOTECA DO ZE LUIZ LTDA, 57.146.565/0001-07, 1177, lotecadozeluiz@gmail.com,"PC JOSE LUIS LEME MACIEL, 95 - CENTRO
                                        13940-000. AGUAS DE LINDOIA - SP
                                        (35) 991311010","Atividades Exercidas- APOSTAS EM LOTERIAS FEDERAIS- BENEFICIOS SOCIAIS, PAGAMENTO DE BOLSA FAMILIA, FGTS, INSS, SEGURO DESEMPREGO E ABONO  - CARTAO DE CREDITO CAIXA - CONTA CORRENTE E POUPANCA (PF E PJ)- CONTA POUPANCA CAIXA FACIL- EMPRESTIMOS (CONSIGNADO/CDC/CHEQUE ESPECIAL/GIRO CAIXA/CREDITO REAL FACIL)- PIX SAQUE/PIX TROCO- RECARGA CELULAR - RECEBIMENTO DE BOLETOS, CONTAS (AGUA, LUZ, TELEFONE E GAS), TRIBUTOS MUNICIPAIS, ESTADUAIS E FEDERAIS- SAQUE/DEPOSITO/TRANSFERENCIAS DE CLIENTES CAIXA, SAQUE DE CONTAS BNB"
